-- phpMyAdmin SQL Dump
-- version 4.7.4
-- https://www.phpmyadmin.net/
--
-- Host: 127.0.0.1
-- Generation Time: May 21, 2019 at 06:18 AM
-- Server version: 10.1.28-MariaDB
-- PHP Version: 5.6.32

SET SQL_MODE = "NO_AUTO_VALUE_ON_ZERO";
SET AUTOCOMMIT = 0;
START TRANSACTION;
SET time_zone = "+00:00";


/*!40101 SET @OLD_CHARACTER_SET_CLIENT=@@CHARACTER_SET_CLIENT */;
/*!40101 SET @OLD_CHARACTER_SET_RESULTS=@@CHARACTER_SET_RESULTS */;
/*!40101 SET @OLD_COLLATION_CONNECTION=@@COLLATION_CONNECTION */;
/*!40101 SET NAMES utf8mb4 */;

--
-- Database: `gulshan_crm_final`
--

-- --------------------------------------------------------

--
-- Table structure for table `account_types`
--

CREATE TABLE `account_types` (
  `account_type_id` int(11) NOT NULL,
  `account_type_name` varchar(50) NOT NULL,
  `created_at` datetime DEFAULT NULL,
  `updated_at` datetime DEFAULT NULL,
  `deleted_at` datetime DEFAULT NULL
) ENGINE=InnoDB DEFAULT CHARSET=latin1;

--
-- Dumping data for table `account_types`
--

INSERT INTO `account_types` (`account_type_id`, `account_type_name`, `created_at`, `updated_at`, `deleted_at`) VALUES
(1, 'Asset', '0000-00-00 00:00:00', '0000-00-00 00:00:00', NULL),
(2, 'Income', '0000-00-00 00:00:00', NULL, NULL),
(3, 'Liabilities', '0000-00-00 00:00:00', NULL, NULL),
(6, 'Expense', '0000-00-00 00:00:00', NULL, NULL);

-- --------------------------------------------------------

--
-- Table structure for table `admin_data_permission`
--

CREATE TABLE `admin_data_permission` (
  `id` int(11) NOT NULL,
  `userid` int(11) NOT NULL,
  `usertype` varchar(100) DEFAULT NULL,
  `permission` text NOT NULL,
  `created_by` int(11) DEFAULT NULL,
  `created_date` datetime DEFAULT NULL,
  `modify_by` int(11) DEFAULT NULL,
  `modify_date` datetime DEFAULT NULL
) ENGINE=InnoDB DEFAULT CHARSET=utf8;

-- --------------------------------------------------------

--
-- Table structure for table `admin_module_list`
--

CREATE TABLE `admin_module_list` (
  `id` int(11) NOT NULL,
  `sort_order` int(11) DEFAULT NULL,
  `parent_id` int(11) DEFAULT NULL,
  `ref_controller` varchar(255) DEFAULT NULL,
  `controller` varchar(255) DEFAULT NULL,
  `function` varchar(255) DEFAULT NULL,
  `mdl_name` varchar(255) DEFAULT NULL,
  `mdl_icon` varchar(80) DEFAULT NULL,
  `mdl_heading` varchar(255) DEFAULT NULL,
  `is_super` tinyint(1) DEFAULT '0',
  `is_enable` tinyint(1) DEFAULT NULL,
  `created_date` datetime DEFAULT NULL,
  `created_by` int(11) DEFAULT NULL
) ENGINE=InnoDB DEFAULT CHARSET=utf8;

--
-- Dumping data for table `admin_module_list`
--

INSERT INTO `admin_module_list` (`id`, `sort_order`, `parent_id`, `ref_controller`, `controller`, `function`, `mdl_name`, `mdl_icon`, `mdl_heading`, `is_super`, `is_enable`, `created_date`, `created_by`) VALUES
(1, 1, 0, NULL, 'Dashboard', '', 'Dashboard', 'icon-dashboard', 'h_dashboard', 0, 1, '2016-06-07 13:29:11', 1),
(2, 2, 0, NULL, '', NULL, 'Admin', 'icon-dashboard', 'h_admin', 0, 1, '2016-06-07 13:29:11', 1),
(3, 1, 2, NULL, 'Users', NULL, 'User Management', 'icon-dashboard', 'h_usermanagment', 0, 0, '2016-06-07 13:29:11', 1),
(4, 3, 2, NULL, NULL, NULL, 'System Hierarchy', 'icon-dashboard', 'h_system_hierarchy', 0, 1, '2016-06-07 13:29:11', 1),
(5, 2, 4, 'Hierarchy', NULL, 'country_list', 'Country List', 'icon-dashboard', 'h_country_list', 0, 0, '2016-06-07 13:29:11', 1),
(6, 3, 4, 'Hierarchy', NULL, 'state_list', 'State List', 'icon-dashboard', 'h_city_list', 0, 0, '2016-11-26 00:00:00', 1),
(7, 4, 4, 'Hierarchy', NULL, 'city_list', 'City List', 'icon-dashboard', 'h_city_list', 0, 0, '2016-11-26 00:00:00', 1),
(8, 3, 0, NULL, NULL, NULL, 'Product', 'icon-dashboard', 'Product', 0, 1, '2016-11-26 00:00:00', 1),
(9, 3, 8, '', 'Product', 'category_list', 'Category List', 'icon-dashboard', 'Category List', 0, 1, '2016-11-26 00:00:00', 1),
(10, 4, 8, '', 'Product', 'sub_category_list', 'Sub Category List', 'icon-dashboard', 'Sub Category List', 0, 0, '2016-11-26 00:00:00', 1),
(11, 5, 8, NULL, 'Product', 'product_list', 'Product List', NULL, 'Product List', 0, 1, '2016-11-26 00:00:00', 1),
(12, 7, 0, NULL, NULL, NULL, 'Report', 'icon-dashboard', 'Report', 0, 1, '2017-01-20 00:00:00', 1),
(13, 2, 12, NULL, 'Report', 'buyer_sales_report', 'Buyer Sales Report', 'icon-dashboard', 'Buyer Sales Report', 0, 1, '2017-01-23 00:00:00', 1),
(14, 2, 12, NULL, 'Report', 'seller_sales_report', 'Seller Sales Report', 'icon-dashboard', 'Seller Sales Report', 0, 1, '2017-01-23 00:00:00', 1),
(15, 2, 4, 'Hierarchy', NULL, 'slider_list', 'Slider List', 'icon-dashboard', 'Slider List', 0, 1, '2017-02-14 00:00:00', 1),
(16, 4, 4, 'Hierarchy', NULL, 'brand_list', 'Brand List', 'icon-dashboard', 'Brand List', 0, 1, '2017-02-14 00:00:00', 1),
(17, 4, 0, NULL, NULL, NULL, 'Account', 'icon-dashboard', 'Account', 0, 0, '2017-02-28 00:00:00', 1),
(18, 2, 17, NULL, 'Account', 'account_list', 'User Account', 'icon-dashboard', 'User Account', 0, 0, '2017-02-28 00:00:00', 1),
(19, 3, 17, NULL, 'Account', 'order_list', 'Order List', 'icon-dashboard', 'Order List', 0, 0, '2017-02-28 00:00:00', 1),
(20, 2, 2, NULL, 'MyAccount', NULL, 'My Account', 'icon-dashboard', 'My_Account', 0, 1, '2017-03-27 00:00:00', 1),
(21, 5, 4, 'Hierarchy', NULL, 'logo_list', 'Logo List', 'icon-dashboard', 'Logo List', 0, 0, '2017-03-31 00:00:00', 1),
(22, 1, 17, NULL, 'Account', 'seller_account_list', 'Seller Account', 'icon-dashboard', 'Seller Account', 0, 0, '2017-04-07 00:00:00', 1),
(23, 7, 8, NULL, 'Product', 'order_list', 'Add Order', 'icon-dashboard', 'Add Order', 0, 0, '2017-08-16 00:00:00', 1),
(24, 8, 8, NULL, 'Product', 'add_payment', 'Add Payment', 'icon-dashboard', 'add_payment', 0, 0, '2017-09-11 00:00:00', 1),
(25, 4, 0, NULL, NULL, NULL, 'Bank', 'icon-dashboard', 'Bank', 0, 1, '2017-09-18 00:00:00', 1),
(26, 1, 25, NULL, 'Bank', 'bank_list', 'Bank List', 'icon-dashboard', 'Bank List', 0, 1, '2017-09-18 00:00:00', 1),
(27, 2, 25, NULL, 'Bank', 'check_list', 'Seller Cheque List', 'icon-dashboard', 'Seller Cheque List', 0, 1, '2017-09-11 00:00:00', 1),
(28, 3, 25, NULL, 'Bank', 'buyer_check_list', 'Buyer Cheque List', 'icon-dashboard', 'Buyer Cheque List', 0, 1, '2017-09-20 00:00:00', 1),
(29, 3, 0, NULL, NULL, NULL, 'Buyer', 'icon-dashboard', 'Buyer', 0, 1, '2017-09-22 00:00:00', 1),
(30, 1, 29, NULL, 'Buyer', 'add_order', 'Add Order', 'icon-dashboard', 'Add Order', 0, 1, '2017-09-22 00:00:00', 1),
(31, 2, 29, NULL, 'Buyer', 'add_payment', 'Add Paymnet', 'icon-dashboard', 'Add Payment', 0, 1, '2017-09-22 00:00:00', 1),
(32, 3, 29, NULL, 'Buyer', 'order_list', 'Buyer Order List', 'icon-dashboard', 'Buyer Order List', 0, 1, '2017-09-22 00:00:00', 1),
(33, 4, 29, NULL, 'Buyer', 'buyer_list', 'Buyer Account List', 'icon-dashboard', 'Buyer Account List', 0, 1, '2017-09-22 00:00:00', 1),
(34, 3, 0, NULL, NULL, NULL, 'Seller', 'icon-dashboard', 'Seller', 0, 1, '2017-09-22 00:00:00', 1),
(35, 1, 34, NULL, 'Seller', 'add_order', 'Add Order', 'icon-dashboard', 'Add Order', 0, 1, NULL, 1),
(36, 2, 34, NULL, 'Seller', 'add_payment', 'Add Payment', 'icon-dashboard', 'Add Payment', 0, 0, NULL, 1),
(37, 4, 34, NULL, 'Seller', 'order_list', 'Seller Order List', 'icon-dashboard', 'Seller Order List', 0, 1, NULL, 1),
(38, 5, 34, NULL, 'Seller', 'seller_list', 'Seller Account List', 'icon-dashboard', 'Seller Account List', 0, 1, NULL, 1),
(39, 1, 4, 'Hierarchy', NULL, 'system_setting_list', 'System Setting List', 'icon-dashboard', 'System Setting List', 0, 1, '2017-09-28 00:00:00', 1),
(40, 7, 12, NULL, 'Report', 'check_list_report', 'Cheque List Report', 'icon-dashboard', 'Cheque List Report', 0, 0, '2017-09-29 00:00:00', 1),
(41, 7, 0, NULL, NULL, NULL, 'Site Order', 'icon-dashboard', 'Site Order', 0, 0, '2017-10-12 00:00:00', 1),
(42, 1, 41, NULL, 'Site', 'site_order_list', 'Site Order List', 'icon-dashboard', 'site_order_list', 0, 0, '2017-10-12 00:00:00', 1),
(43, 3, 4, 'Hierarchy', NULL, 'pages_list', 'Pages List', 'icon-dashboard', 'Pages List', 0, 1, '2017-12-07 00:00:00', 1),
(44, 7, 4, 'Hierarchy', NULL, 'user_contact_form', 'Contact List', 'icon-dashboard', 'user_contact_list', 0, 1, '2018-03-05 00:00:00', 1),
(45, 5, 4, 'Hierarchy', NULL, 'service_list', 'Service List', 'icon-dashboard', 'service_list', 0, 1, '2018-03-06 00:00:00', 1),
(46, 6, 4, 'Hierarchy', NULL, 'latest_brand_list', 'Latest Brand List', 'icon-dashboard', 'latest_brand_list', 0, 1, '2018-03-07 00:00:00', 1),
(47, 6, 0, NULL, NULL, NULL, 'Expense', 'icon-dashboard', 'Expense', 0, 1, '2018-03-13 00:00:00', 1),
(48, 1, 47, NULL, 'Expense', 'expense_list', 'Expense List', 'icon-dashboard', 'Expense List', 0, 1, '2018-03-13 00:00:00', 1),
(49, 8, 4, 'Hierarchy', NULL, 'expense_type_list', 'Expense Type List', 'icon-dashboard', 'Expense Type List', 0, 1, '2018-03-17 00:00:00', 1),
(50, 6, 8, NULL, 'Product', 'product_sell_list', 'Product Sell List', 'icon-dashboard', 'Product Sell List', 0, 0, '2018-03-17 00:00:00', 1),
(51, 4, 12, NULL, 'Report', 'expense_report', 'Expense List Report', 'icon-dashboard', 'Expense List Report', 0, 1, '2018-03-17 00:00:00', 1),
(52, 3, 34, NULL, 'Seller', 'advance_payment', 'Add Payment', 'icon-dashboard', 'Add Payment', 0, 1, '2018-04-20 00:00:00', 1),
(53, 5, 12, NULL, 'Report', 'income_report', 'Income Report', 'icon-dashboard', 'Income Report', 0, 1, '2018-04-23 00:00:00', 1),
(54, 6, 12, NULL, 'Report', 'overall_transaction', 'Overall Transaction Report', 'icon-dashboard', 'Overall Transaction Report', 0, 1, '2018-04-23 00:00:00', 1);

-- --------------------------------------------------------

--
-- Table structure for table `admin_module_permission`
--

CREATE TABLE `admin_module_permission` (
  `id` int(11) NOT NULL,
  `userid` int(11) NOT NULL,
  `usertype` varchar(100) NOT NULL,
  `permission` text NOT NULL,
  `created_by` int(11) DEFAULT NULL,
  `created_date` datetime DEFAULT NULL,
  `modify_by` int(11) DEFAULT NULL,
  `modify_date` datetime DEFAULT NULL
) ENGINE=InnoDB DEFAULT CHARSET=utf8;

--
-- Dumping data for table `admin_module_permission`
--

INSERT INTO `admin_module_permission` (`id`, `userid`, `usertype`, `permission`, `created_by`, `created_date`, `modify_by`, `modify_date`) VALUES
(1, 1, '1', '{\"1\":{\"a\":0,\"e\":0,\"d\":0,\"v\":1},\"2\":{\"a\":0,\"e\":0,\"d\":0,\"v\":1},\"3\":{\"a\":1,\"e\":1,\"d\":1,\"v\":1},\"4\":{\"a\":0,\"e\":0,\"d\":0,\"v\":1},\"5\":{\"a\":1,\"e\":1,\"d\":1,\"v\":1},\"6\":{\"a\":1,\"e\":1,\"d\":1,\"v\":1},\"7\":{\"a\":1,\"e\":1,\"d\":1,\"v\":1},\"8\":{\"a\":1,\"e\":1,\"d\":1,\"v\":1},\"9\":{\"a\":1,\"e\":1,\"d\":1,\"v\":1},\"10\":{\"a\":1,\"e\":1,\"d\":1,\"v\":1},\"11\":{\"a\":1,\"e\":1,\"d\":1,\"v\":1},\"12\":{\"a\":1,\"e\":1,\"d\":1,\"v\":1},\"13\":{\"a\":0,\"e\":0,\"d\":0,\"v\":1},\"14\":{\"a\":1,\"e\":1,\"d\":1,\"v\":1},\"15\":{\"a\":1,\"e\":1,\"d\":1,\"v\":1},\"16\":{\"a\":1,\"e\":1,\"d\":1,\"v\":1},\"17\":{\"a\":1,\"e\":1,\"d\":1,\"v\":1},\"18\":{\"a\":1,\"e\":1,\"d\":1,\"v\":1},\"19\":{\"a\":1,\"e\":1,\"d\":1,\"v\":1},\"20\":{\"a\":1,\"e\":1,\"d\":1,\"v\":1},\"21\":{\"a\":1,\"e\":1,\"d\":1,\"v\":1},\"22\":{\"a\":1,\"e\":1,\"d\":1,\"v\":1},\"23\":{\"a\":1,\"e\":1,\"d\":1,\"v\":1},\"24\":{\"a\":1,\"e\":1,\"d\":1,\"v\":1},\"25\":{\"a\":1,\"e\":1,\"d\":1,\"v\":1},\"26\":{\"a\":1,\"e\":1,\"d\":1,\"v\":1},\"27\":{\"a\":1,\"e\":1,\"d\":1,\"v\":1},\"28\":{\"a\":1,\"e\":1,\"d\":1,\"v\":1},\"29\":{\"a\":1,\"e\":1,\"d\":1,\"v\":1},\"30\":{\"a\":1,\"e\":1,\"d\":1,\"v\":1},\"31\":{\"a\":1,\"e\":1,\"d\":1,\"v\":1},\"32\":{\"a\":1,\"e\":1,\"d\":1,\"v\":1},\"33\":{\"a\":1,\"e\":1,\"d\":1,\"v\":1},\"34\":{\"a\":1,\"e\":1,\"d\":1,\"v\":1},\"35\":{\"a\":1,\"e\":1,\"d\":1,\"v\":1},\"36\":{\"a\":1,\"e\":1,\"d\":1,\"v\":1},\"37\":{\"a\":1,\"e\":1,\"d\":1,\"v\":1},\"38\":{\"a\":1,\"e\":1,\"d\":1,\"v\":1},\"39\":{\"a\":1,\"e\":1,\"d\":1,\"v\":1},\"40\":{\"a\":1,\"e\":1,\"d\":1,\"v\":1},\"41\":{\"a\":1,\"e\":1,\"d\":1,\"v\":1},\"42\":{\"a\":1,\"e\":1,\"d\":1,\"v\":1},\"43\":{\"a\":1,\"e\":1,\"d\":1,\"v\":1},\"44\":{\"a\":1,\"e\":1,\"d\":1,\"v\":1},\"45\":{\"a\":1,\"e\":1,\"d\":1,\"v\":1},\"46\":{\"a\":1,\"e\":1,\"d\":1,\"v\":1},\"47\":{\"a\":1,\"e\":1,\"d\":1,\"v\":1},\"48\":{\"a\":1,\"e\":1,\"d\":1,\"v\":1},\"49\":{\"a\":1,\"e\":1,\"d\":1,\"v\":1},\"50\":{\"a\":1,\"e\":1,\"d\":1,\"v\":1},\"51\":{\"a\":1,\"e\":1,\"d\":1,\"v\":1},\"52\":{\"a\":1,\"e\":1,\"d\":1,\"v\":1},\"53\":{\"a\":1,\"e\":1,\"d\":1,\"v\":1},\"54\":{\"a\":1,\"e\":1,\"d\":1,\"v\":1},\"55\":{\"a\":1,\"e\":1,\"d\":1,\"v\":1},\"56\":{\"a\":1,\"e\":1,\"d\":1,\"v\":1},\"57\":{\"a\":1,\"e\":1,\"d\":1,\"v\":1},\"58\":{\"a\":1,\"e\":1,\"d\":1,\"v\":1},\"59\":{\"a\":1,\"e\":1,\"d\":1,\"v\":1},\"60\":{\"a\":1,\"e\":1,\"d\":1,\"v\":1},\"61\":{\"a\":1,\"e\":1,\"d\":1,\"v\":1},\"62\":{\"a\":1,\"e\":1,\"d\":1,\"v\":1},\"63\":{\"a\":1,\"e\":1,\"d\":1,\"v\":1},\"64\":{\"a\":1,\"e\":1,\"d\":1,\"v\":1},\"65\":{\"a\":1,\"e\":1,\"d\":1,\"v\":1},\"66\":{\"a\":1,\"e\":1,\"d\":1,\"v\":1},\"67\":{\"a\":1,\"e\":1,\"d\":1,\"v\":1},\"68\":{\"a\":1,\"e\":1,\"d\":1,\"v\":1},\"69\":{\"a\":1,\"e\":1,\"d\":1,\"v\":1},\"70\":{\"a\":1,\"e\":1,\"d\":1,\"v\":1},\"71\":{\"a\":1,\"e\":1,\"d\":1,\"v\":1},\"72\":{\"a\":1,\"e\":1,\"d\":1,\"v\":1}}', 1, '2016-11-26 00:00:00', 1, '2016-12-05 09:45:32'),
(2, 2, '1', '{\"1\":{\"a\":0,\"e\":0,\"d\":0,\"v\":1},\"2\":{\"a\":0,\"e\":0,\"d\":0,\"v\":1},\"3\":{\"a\":0,\"e\":0,\"d\":0,\"v\":0},\"20\":{\"a\":1,\"e\":1,\"d\":1,\"v\":1},\"4\":{\"a\":0,\"e\":0,\"d\":0,\"v\":0},\"5\":{\"a\":0,\"e\":0,\"d\":0,\"v\":0},\"6\":{\"a\":0,\"e\":0,\"d\":0,\"v\":0},\"7\":{\"a\":0,\"e\":0,\"d\":0,\"v\":0},\"21\":{\"a\":0,\"e\":0,\"d\":0,\"v\":0},\"15\":{\"a\":0,\"e\":0,\"d\":0,\"v\":0},\"16\":{\"a\":0,\"e\":0,\"d\":0,\"v\":0},\"39\":{\"a\":0,\"e\":0,\"d\":0,\"v\":0},\"8\":{\"a\":0,\"e\":0,\"d\":0,\"v\":0},\"9\":{\"a\":1,\"e\":1,\"d\":1,\"v\":1},\"10\":{\"a\":1,\"e\":1,\"d\":1,\"v\":1},\"11\":{\"a\":1,\"e\":1,\"d\":1,\"v\":1},\"23\":{\"a\":1,\"e\":1,\"d\":1,\"v\":1},\"24\":{\"a\":1,\"e\":1,\"d\":1,\"v\":1},\"29\":{\"a\":0,\"e\":0,\"d\":0,\"v\":0},\"30\":{\"a\":1,\"e\":1,\"d\":1,\"v\":1},\"31\":{\"a\":1,\"e\":1,\"d\":1,\"v\":1},\"32\":{\"a\":1,\"e\":1,\"d\":1,\"v\":1},\"33\":{\"a\":1,\"e\":1,\"d\":1,\"v\":1},\"34\":{\"a\":0,\"e\":0,\"d\":0,\"v\":1},\"35\":{\"a\":1,\"e\":1,\"d\":1,\"v\":1},\"36\":{\"a\":1,\"e\":1,\"d\":1,\"v\":1},\"37\":{\"a\":1,\"e\":1,\"d\":1,\"v\":1},\"38\":{\"a\":1,\"e\":1,\"d\":1,\"v\":1},\"17\":{\"a\":0,\"e\":0,\"d\":0,\"v\":0},\"22\":{\"a\":1,\"e\":1,\"d\":1,\"v\":1},\"18\":{\"a\":1,\"e\":1,\"d\":1,\"v\":1},\"19\":{\"a\":1,\"e\":1,\"d\":1,\"v\":1},\"25\":{\"a\":0,\"e\":0,\"d\":0,\"v\":1},\"26\":{\"a\":0,\"e\":0,\"d\":0,\"v\":0},\"27\":{\"a\":1,\"e\":1,\"d\":1,\"v\":1},\"28\":{\"a\":0,\"e\":0,\"d\":0,\"v\":0},\"12\":{\"a\":0,\"e\":0,\"d\":0,\"v\":1},\"13\":{\"a\":0,\"e\":0,\"d\":0,\"v\":0},\"14\":{\"a\":1,\"e\":1,\"d\":1,\"v\":1},\"40\":{\"a\":1,\"e\":1,\"d\":1,\"v\":1},\"41\":{\"a\":0,\"e\":0,\"d\":0,\"v\":0},\"42\":{\"a\":0,\"e\":0,\"d\":0,\"v\":0}}', 1, '2017-04-07 09:45:23', 1, '2017-10-12 08:35:29'),
(3, 3, '1', '{\"1\":{\"a\":0,\"e\":0,\"d\":0,\"v\":1},\"2\":{\"a\":0,\"e\":0,\"d\":0,\"v\":0},\"3\":{\"a\":0,\"e\":0,\"d\":0,\"v\":0},\"20\":{\"a\":0,\"e\":0,\"d\":0,\"v\":0},\"4\":{\"a\":0,\"e\":0,\"d\":0,\"v\":0},\"5\":{\"a\":0,\"e\":0,\"d\":0,\"v\":0},\"6\":{\"a\":0,\"e\":0,\"d\":0,\"v\":0},\"7\":{\"a\":0,\"e\":0,\"d\":0,\"v\":0},\"21\":{\"a\":0,\"e\":0,\"d\":0,\"v\":0},\"15\":{\"a\":0,\"e\":0,\"d\":0,\"v\":0},\"43\":{\"a\":0,\"e\":0,\"d\":0,\"v\":0},\"16\":{\"a\":0,\"e\":0,\"d\":0,\"v\":0},\"39\":{\"a\":0,\"e\":0,\"d\":0,\"v\":0},\"44\":{\"a\":0,\"e\":0,\"d\":0,\"v\":0},\"45\":{\"a\":0,\"e\":0,\"d\":0,\"v\":0},\"46\":{\"a\":0,\"e\":0,\"d\":0,\"v\":0},\"8\":{\"a\":0,\"e\":0,\"d\":0,\"v\":1},\"9\":{\"a\":0,\"e\":0,\"d\":0,\"v\":0},\"10\":{\"a\":0,\"e\":0,\"d\":0,\"v\":0},\"11\":{\"a\":0,\"e\":0,\"d\":0,\"v\":0},\"23\":{\"a\":0,\"e\":0,\"d\":0,\"v\":0},\"24\":{\"a\":0,\"e\":0,\"d\":0,\"v\":0},\"29\":{\"a\":0,\"e\":0,\"d\":0,\"v\":1},\"30\":{\"a\":0,\"e\":0,\"d\":0,\"v\":0},\"31\":{\"a\":0,\"e\":0,\"d\":0,\"v\":0},\"32\":{\"a\":0,\"e\":0,\"d\":0,\"v\":0},\"33\":{\"a\":0,\"e\":0,\"d\":0,\"v\":0},\"34\":{\"a\":0,\"e\":0,\"d\":0,\"v\":0},\"35\":{\"a\":0,\"e\":0,\"d\":0,\"v\":0},\"36\":{\"a\":0,\"e\":0,\"d\":0,\"v\":0},\"37\":{\"a\":0,\"e\":0,\"d\":0,\"v\":0},\"38\":{\"a\":0,\"e\":0,\"d\":0,\"v\":0},\"17\":{\"a\":0,\"e\":0,\"d\":0,\"v\":0},\"22\":{\"a\":0,\"e\":0,\"d\":0,\"v\":0},\"18\":{\"a\":0,\"e\":0,\"d\":0,\"v\":0},\"19\":{\"a\":0,\"e\":0,\"d\":0,\"v\":0},\"25\":{\"a\":0,\"e\":0,\"d\":0,\"v\":0},\"26\":{\"a\":0,\"e\":0,\"d\":0,\"v\":0},\"27\":{\"a\":0,\"e\":0,\"d\":0,\"v\":0},\"28\":{\"a\":0,\"e\":0,\"d\":0,\"v\":0},\"12\":{\"a\":0,\"e\":0,\"d\":0,\"v\":1},\"13\":{\"a\":1,\"e\":1,\"d\":0,\"v\":1},\"14\":{\"a\":0,\"e\":0,\"d\":0,\"v\":0},\"40\":{\"a\":0,\"e\":0,\"d\":0,\"v\":0},\"41\":{\"a\":0,\"e\":0,\"d\":0,\"v\":0},\"42\":{\"a\":0,\"e\":0,\"d\":0,\"v\":0}}', 1, '2018-03-09 15:20:48', NULL, NULL);

-- --------------------------------------------------------

--
-- Table structure for table `attendances`
--

CREATE TABLE `attendances` (
  `attendance_id` int(11) NOT NULL,
  `user_id` int(11) DEFAULT NULL,
  `attendance_date` date NOT NULL,
  `time_in` time DEFAULT NULL,
  `time_out` time DEFAULT NULL,
  `status` varchar(5) DEFAULT NULL,
  `updated_at` datetime DEFAULT NULL,
  `created_at` datetime DEFAULT NULL,
  `deleted_at` datetime DEFAULT NULL
) ENGINE=InnoDB DEFAULT CHARSET=latin1;

--
-- Dumping data for table `attendances`
--

INSERT INTO `attendances` (`attendance_id`, `user_id`, `attendance_date`, `time_in`, `time_out`, `status`, `updated_at`, `created_at`, `deleted_at`) VALUES
(1, 11, '2017-04-01', NULL, NULL, 'A', '2017-04-12 10:41:32', '2017-04-12 10:41:32', NULL),
(2, 11, '2017-04-02', NULL, NULL, 'A', '2017-04-12 10:41:32', '2017-04-12 10:41:32', NULL),
(3, 11, '2017-04-03', '09:00:00', '17:00:00', 'P', '2017-04-12 10:41:32', '2017-04-12 10:41:32', NULL),
(4, 11, '2017-04-04', '09:00:00', '17:00:00', 'P', '2017-04-12 10:41:32', '2017-04-12 10:41:32', NULL),
(5, 11, '2017-04-05', '09:00:00', '17:00:00', 'P', '2017-04-12 10:41:32', '2017-04-12 10:41:32', NULL),
(6, 11, '2017-04-06', '09:00:00', '17:00:00', 'P', '2017-04-12 10:41:32', '2017-04-12 10:41:32', NULL),
(7, 11, '2017-04-07', '09:00:00', '17:00:00', 'P', '2017-04-12 10:41:32', '2017-04-12 10:41:32', NULL),
(8, 11, '2017-04-08', '09:00:00', '17:00:00', 'P', '2017-04-12 10:41:32', '2017-04-12 10:41:32', NULL),
(9, 11, '2017-04-09', '09:00:00', '17:00:00', 'P', '2017-04-12 10:41:32', '2017-04-12 10:41:32', NULL),
(10, 11, '2017-04-10', '09:00:00', '17:00:00', 'P', '2017-04-12 10:41:32', '2017-04-12 10:41:32', NULL),
(11, 11, '2017-04-11', '09:00:00', '17:00:00', 'P', '2017-04-12 10:41:32', '2017-04-12 10:41:32', NULL),
(12, 11, '2017-04-12', '09:00:00', '17:00:00', 'P', '2017-04-12 10:41:32', '2017-04-12 10:41:32', NULL),
(13, 11, '2017-04-13', '09:00:00', '17:00:00', 'P', '2017-04-12 10:41:32', '2017-04-12 10:41:32', NULL),
(14, 11, '2017-04-14', '09:00:00', '17:00:00', 'P', '2017-04-12 10:41:32', '2017-04-12 10:41:32', NULL),
(15, 11, '2017-04-15', '09:00:00', '17:00:00', 'P', '2017-04-12 10:41:32', '2017-04-12 10:41:32', NULL),
(16, 11, '2017-04-16', '09:00:00', '17:00:00', 'P', '2017-04-12 10:41:32', '2017-04-12 10:41:32', NULL),
(17, 11, '2017-04-17', '09:00:00', '17:00:00', 'P', '2017-04-12 10:41:32', '2017-04-12 10:41:32', NULL),
(18, 11, '2017-04-18', '09:00:00', '17:00:00', 'P', '2017-04-12 10:41:32', '2017-04-12 10:41:32', NULL),
(19, 11, '2017-04-19', '09:00:00', '17:00:00', 'P', '2017-04-12 10:41:32', '2017-04-12 10:41:32', NULL),
(20, 11, '2017-04-20', '09:00:00', '17:00:00', 'P', '2017-04-12 10:41:32', '2017-04-12 10:41:32', NULL),
(21, 11, '2017-04-21', '09:00:00', '17:00:00', 'P', '2017-04-12 10:41:32', '2017-04-12 10:41:32', NULL),
(22, 11, '2017-04-22', '09:00:00', '17:00:00', 'P', '2017-04-12 10:41:32', '2017-04-12 10:41:32', NULL),
(23, 11, '2017-04-23', '09:00:00', '17:00:00', 'P', '2017-04-12 10:41:32', '2017-04-12 10:41:32', NULL),
(24, 11, '2017-04-24', '09:00:00', '17:00:00', 'P', '2017-04-12 10:41:32', '2017-04-12 10:41:32', NULL),
(25, 11, '2017-04-25', '09:00:00', '17:00:00', 'P', '2017-04-12 10:41:32', '2017-04-12 10:41:32', NULL),
(26, 11, '2017-04-26', '09:00:00', '17:00:00', 'P', '2017-04-12 10:41:32', '2017-04-12 10:41:32', NULL),
(27, 11, '2017-04-27', '09:00:00', '17:00:00', 'P', '2017-04-12 10:41:32', '2017-04-12 10:41:32', NULL),
(28, 11, '2017-04-28', '09:00:00', '17:00:00', 'P', '2017-04-12 10:41:32', '2017-04-12 10:41:32', NULL),
(29, 11, '2017-04-29', '09:00:00', '17:00:00', 'P', '2017-04-12 10:41:32', '2017-04-12 10:41:32', NULL),
(30, 11, '2017-04-30', '09:00:00', '17:00:00', 'P', '2017-04-12 10:41:32', '2017-04-12 10:41:32', NULL),
(31, 5, '2017-04-01', NULL, NULL, 'A', '2017-04-12 10:41:32', '2017-04-12 10:41:32', NULL),
(32, 5, '2017-04-02', NULL, NULL, 'A', '2017-04-12 10:41:32', '2017-04-12 10:41:32', NULL),
(33, 5, '2017-04-03', '09:00:00', '17:00:00', 'P', '2017-04-12 10:41:32', '2017-04-12 10:41:32', NULL),
(34, 5, '2017-04-04', '09:00:00', '17:00:00', 'P', '2017-04-12 10:41:32', '2017-04-12 10:41:32', NULL),
(35, 5, '2017-04-05', '09:00:00', '17:00:00', 'P', '2017-04-12 10:41:32', '2017-04-12 10:41:32', NULL),
(36, 5, '2017-04-06', '09:00:00', '17:00:00', 'P', '2017-04-12 10:41:32', '2017-04-12 10:41:32', NULL),
(37, 5, '2017-04-07', '09:00:00', '17:00:00', 'P', '2017-04-12 10:41:32', '2017-04-12 10:41:32', NULL),
(38, 5, '2017-04-08', '09:00:00', '17:00:00', 'P', '2017-04-12 10:41:32', '2017-04-12 10:41:32', NULL),
(39, 5, '2017-04-09', '09:00:00', '17:00:00', 'P', '2017-04-12 10:41:32', '2017-04-12 10:41:32', NULL),
(40, 5, '2017-04-10', '09:00:00', '17:00:00', 'P', '2017-04-12 10:41:32', '2017-04-12 10:41:32', NULL),
(41, 5, '2017-04-11', '09:00:00', '17:00:00', 'P', '2017-04-12 10:41:32', '2017-04-12 10:41:32', NULL),
(42, 5, '2017-04-12', '09:00:00', '17:00:00', 'P', '2017-04-12 10:41:32', '2017-04-12 10:41:32', NULL),
(43, 5, '2017-04-13', '09:00:00', '17:00:00', 'P', '2017-04-12 10:41:32', '2017-04-12 10:41:32', NULL),
(44, 5, '2017-04-14', '09:00:00', '17:00:00', 'P', '2017-04-12 10:41:32', '2017-04-12 10:41:32', NULL),
(45, 5, '2017-04-15', '09:00:00', '17:00:00', 'P', '2017-04-12 10:41:32', '2017-04-12 10:41:32', NULL),
(46, 5, '2017-04-16', '09:00:00', '17:00:00', 'P', '2017-04-12 10:41:32', '2017-04-12 10:41:32', NULL),
(47, 5, '2017-04-17', '09:00:00', '17:00:00', 'P', '2017-04-12 10:41:32', '2017-04-12 10:41:32', NULL),
(48, 5, '2017-04-18', '09:00:00', '17:00:00', 'P', '2017-04-12 10:41:32', '2017-04-12 10:41:32', NULL),
(49, 5, '2017-04-19', '09:00:00', '17:00:00', 'P', '2017-04-12 10:41:32', '2017-04-12 10:41:32', NULL),
(50, 5, '2017-04-20', '09:00:00', '17:00:00', 'P', '2017-04-12 10:41:32', '2017-04-12 10:41:32', NULL),
(51, 5, '2017-04-21', '09:00:00', '17:00:00', 'P', '2017-04-12 10:41:32', '2017-04-12 10:41:32', NULL),
(52, 5, '2017-04-22', '09:00:00', '17:00:00', 'P', '2017-04-12 10:41:32', '2017-04-12 10:41:32', NULL),
(53, 5, '2017-04-23', '09:00:00', '17:00:00', 'P', '2017-04-12 10:41:32', '2017-04-12 10:41:32', NULL),
(54, 5, '2017-04-24', '09:00:00', '17:00:00', 'P', '2017-04-12 10:41:32', '2017-04-12 10:41:32', NULL),
(55, 5, '2017-04-25', '09:00:00', '17:00:00', 'P', '2017-04-12 10:41:32', '2017-04-12 10:41:32', NULL),
(56, 5, '2017-04-26', '09:00:00', '17:00:00', 'P', '2017-04-12 10:41:32', '2017-04-12 10:41:32', NULL),
(57, 5, '2017-04-27', '09:00:00', '17:00:00', 'P', '2017-04-12 10:41:32', '2017-04-12 10:41:32', NULL),
(58, 5, '2017-04-28', '09:00:00', '17:00:00', 'P', '2017-04-12 10:41:32', '2017-04-12 10:41:32', NULL),
(59, 5, '2017-04-29', '09:00:00', '17:00:00', 'P', '2017-04-12 10:41:32', '2017-04-12 10:41:32', NULL),
(60, 5, '2017-04-30', '09:00:00', '17:00:00', 'P', '2017-04-12 10:41:32', '2017-04-12 10:41:32', NULL),
(61, 6, '2017-04-01', NULL, NULL, 'A', '2017-04-12 10:41:32', '2017-04-12 10:41:32', NULL),
(62, 6, '2017-04-02', NULL, NULL, 'A', '2017-04-12 10:41:32', '2017-04-12 10:41:32', NULL),
(63, 6, '2017-04-03', '09:00:00', '17:00:00', 'P', '2017-04-12 10:41:32', '2017-04-12 10:41:32', NULL),
(64, 6, '2017-04-04', '09:00:00', '17:00:00', 'P', '2017-04-12 10:41:32', '2017-04-12 10:41:32', NULL),
(65, 6, '2017-04-05', '09:00:00', '17:00:00', 'P', '2017-04-12 10:41:32', '2017-04-12 10:41:32', NULL),
(66, 6, '2017-04-06', '09:00:00', '17:00:00', 'P', '2017-04-12 10:41:32', '2017-04-12 10:41:32', NULL),
(67, 6, '2017-04-07', '09:00:00', '17:00:00', 'P', '2017-04-12 10:41:32', '2017-04-12 10:41:32', NULL),
(68, 6, '2017-04-08', '09:00:00', '17:00:00', 'P', '2017-04-12 10:41:32', '2017-04-12 10:41:32', NULL),
(69, 6, '2017-04-09', '09:00:00', '17:00:00', 'P', '2017-04-12 10:41:32', '2017-04-12 10:41:32', NULL),
(70, 6, '2017-04-10', '09:00:00', '17:00:00', 'P', '2017-04-12 10:41:32', '2017-04-12 10:41:32', NULL),
(71, 6, '2017-04-11', '09:00:00', '17:00:00', 'P', '2017-04-12 10:41:32', '2017-04-12 10:41:32', NULL),
(72, 6, '2017-04-12', '09:00:00', '17:00:00', 'P', '2017-04-12 10:41:32', '2017-04-12 10:41:32', NULL),
(73, 6, '2017-04-13', '09:00:00', '17:00:00', 'P', '2017-04-12 10:41:32', '2017-04-12 10:41:32', NULL),
(74, 6, '2017-04-14', '09:00:00', '17:00:00', 'P', '2017-04-12 10:41:32', '2017-04-12 10:41:32', NULL),
(75, 6, '2017-04-15', '09:00:00', '17:00:00', 'P', '2017-04-12 10:41:32', '2017-04-12 10:41:32', NULL),
(76, 6, '2017-04-16', '09:00:00', '17:00:00', 'P', '2017-04-12 10:41:32', '2017-04-12 10:41:32', NULL),
(77, 6, '2017-04-17', '09:00:00', '17:00:00', 'P', '2017-04-12 10:41:32', '2017-04-12 10:41:32', NULL),
(78, 6, '2017-04-18', '09:00:00', '17:00:00', 'P', '2017-04-12 10:41:32', '2017-04-12 10:41:32', NULL),
(79, 6, '2017-04-19', '09:00:00', '17:00:00', 'P', '2017-04-12 10:41:32', '2017-04-12 10:41:32', NULL),
(80, 6, '2017-04-20', '09:00:00', '17:00:00', 'P', '2017-04-12 10:41:32', '2017-04-12 10:41:32', NULL),
(81, 6, '2017-04-21', '09:00:00', '17:00:00', 'P', '2017-04-12 10:41:32', '2017-04-12 10:41:32', NULL),
(82, 6, '2017-04-22', '09:00:00', '17:00:00', 'P', '2017-04-12 10:41:32', '2017-04-12 10:41:32', NULL),
(83, 6, '2017-04-23', '09:00:00', '17:00:00', 'P', '2017-04-12 10:41:32', '2017-04-12 10:41:32', NULL),
(84, 6, '2017-04-24', '09:00:00', '17:00:00', 'P', '2017-04-12 10:41:32', '2017-04-12 10:41:32', NULL),
(85, 6, '2017-04-25', '09:00:00', '17:00:00', 'P', '2017-04-12 10:41:32', '2017-04-12 10:41:32', NULL),
(86, 6, '2017-04-26', '09:00:00', '17:00:00', 'P', '2017-04-12 10:41:32', '2017-04-12 10:41:32', NULL),
(87, 6, '2017-04-27', '09:00:00', '17:00:00', 'P', '2017-04-12 10:41:32', '2017-04-12 10:41:32', NULL),
(88, 6, '2017-04-28', '09:00:00', '17:00:00', 'P', '2017-04-12 10:41:32', '2017-04-12 10:41:32', NULL),
(89, 6, '2017-04-29', '09:00:00', '17:00:00', 'P', '2017-04-12 10:41:32', '2017-04-12 10:41:32', NULL),
(90, 6, '2017-04-30', '09:00:00', '17:00:00', 'P', '2017-04-12 10:41:32', '2017-04-12 10:41:32', NULL),
(91, 8, '2017-04-01', NULL, NULL, 'A', '2017-04-12 10:41:32', '2017-04-12 10:41:32', NULL),
(92, 8, '2017-04-02', NULL, NULL, 'A', '2017-04-12 10:41:32', '2017-04-12 10:41:32', NULL),
(93, 8, '2017-04-03', '09:00:00', '17:00:00', 'P', '2017-04-12 10:41:32', '2017-04-12 10:41:32', NULL),
(94, 8, '2017-04-04', '09:00:00', '17:00:00', 'P', '2017-04-12 10:41:32', '2017-04-12 10:41:32', NULL),
(95, 8, '2017-04-05', '09:00:00', '17:00:00', 'P', '2017-04-12 10:41:32', '2017-04-12 10:41:32', NULL),
(96, 8, '2017-04-06', '09:00:00', '17:00:00', 'P', '2017-04-12 10:41:32', '2017-04-12 10:41:32', NULL),
(97, 8, '2017-04-07', '09:00:00', '17:00:00', 'P', '2017-04-12 10:41:32', '2017-04-12 10:41:32', NULL),
(98, 8, '2017-04-08', '09:00:00', '17:00:00', 'P', '2017-04-12 10:41:32', '2017-04-12 10:41:32', NULL),
(99, 8, '2017-04-09', '09:00:00', '17:00:00', 'P', '2017-04-12 10:41:32', '2017-04-12 10:41:32', NULL),
(100, 8, '2017-04-10', '09:00:00', '17:00:00', 'P', '2017-04-12 10:41:32', '2017-04-12 10:41:32', NULL),
(101, 8, '2017-04-11', '09:00:00', '17:00:00', 'P', '2017-04-12 10:41:32', '2017-04-12 10:41:32', NULL),
(102, 8, '2017-04-12', '09:00:00', '17:00:00', 'P', '2017-04-12 10:41:32', '2017-04-12 10:41:32', NULL),
(103, 8, '2017-04-13', '09:00:00', '17:00:00', 'P', '2017-04-12 10:41:32', '2017-04-12 10:41:32', NULL),
(104, 8, '2017-04-14', '09:00:00', '17:00:00', 'P', '2017-04-12 10:41:32', '2017-04-12 10:41:32', NULL),
(105, 8, '2017-04-15', '09:00:00', '17:00:00', 'P', '2017-04-12 10:41:32', '2017-04-12 10:41:32', NULL),
(106, 8, '2017-04-16', '09:00:00', '17:00:00', 'P', '2017-04-12 10:41:32', '2017-04-12 10:41:32', NULL),
(107, 8, '2017-04-17', '09:00:00', '17:00:00', 'P', '2017-04-12 10:41:32', '2017-04-12 10:41:32', NULL),
(108, 8, '2017-04-18', '09:00:00', '17:00:00', 'P', '2017-04-12 10:41:32', '2017-04-12 10:41:32', NULL),
(109, 8, '2017-04-19', '09:00:00', '17:00:00', 'P', '2017-04-12 10:41:32', '2017-04-12 10:41:32', NULL),
(110, 8, '2017-04-20', '09:00:00', '17:00:00', 'P', '2017-04-12 10:41:32', '2017-04-12 10:41:32', NULL),
(111, 8, '2017-04-21', '09:00:00', '17:00:00', 'P', '2017-04-12 10:41:32', '2017-04-12 10:41:32', NULL),
(112, 8, '2017-04-22', '09:00:00', '17:00:00', 'P', '2017-04-12 10:41:32', '2017-04-12 10:41:32', NULL),
(113, 8, '2017-04-23', '09:00:00', '17:00:00', 'P', '2017-04-12 10:41:32', '2017-04-12 10:41:32', NULL),
(114, 8, '2017-04-24', '09:00:00', '17:00:00', 'P', '2017-04-12 10:41:32', '2017-04-12 10:41:32', NULL),
(115, 8, '2017-04-25', '09:00:00', '17:00:00', 'P', '2017-04-12 10:41:32', '2017-04-12 10:41:32', NULL),
(116, 8, '2017-04-26', '09:00:00', '17:00:00', 'P', '2017-04-12 10:41:32', '2017-04-12 10:41:32', NULL),
(117, 8, '2017-04-27', '09:00:00', '17:00:00', 'P', '2017-04-12 10:41:32', '2017-04-12 10:41:32', NULL),
(118, 8, '2017-04-28', '09:00:00', '17:00:00', 'P', '2017-04-12 10:41:32', '2017-04-12 10:41:32', NULL),
(119, 8, '2017-04-29', '09:00:00', '17:00:00', 'P', '2017-04-12 10:41:32', '2017-04-12 10:41:32', NULL),
(120, 8, '2017-04-30', '09:00:00', '17:00:00', 'P', '2017-04-12 10:41:32', '2017-04-12 10:41:32', NULL),
(121, 2, '2017-04-01', NULL, NULL, 'A', '2017-04-12 10:41:32', '2017-04-12 10:41:32', NULL),
(122, 2, '2017-04-02', NULL, NULL, 'A', '2017-04-12 10:41:32', '2017-04-12 10:41:32', NULL),
(123, 2, '2017-04-03', '09:00:00', '17:00:00', 'P', '2017-04-12 10:41:32', '2017-04-12 10:41:32', NULL),
(124, 2, '2017-04-04', '09:00:00', '17:00:00', 'P', '2017-04-12 10:41:32', '2017-04-12 10:41:32', NULL),
(125, 2, '2017-04-05', '09:00:00', '17:00:00', 'P', '2017-04-12 10:41:32', '2017-04-12 10:41:32', NULL),
(126, 2, '2017-04-06', '09:00:00', '17:00:00', 'P', '2017-04-12 10:41:32', '2017-04-12 10:41:32', NULL),
(127, 2, '2017-04-07', '09:00:00', '17:00:00', 'P', '2017-04-12 10:41:32', '2017-04-12 10:41:32', NULL),
(128, 2, '2017-04-08', '09:00:00', '17:00:00', 'P', '2017-04-12 10:41:32', '2017-04-12 10:41:32', NULL),
(129, 2, '2017-04-09', '09:00:00', '17:00:00', 'P', '2017-04-12 10:41:32', '2017-04-12 10:41:32', NULL),
(130, 2, '2017-04-10', '09:00:00', '17:00:00', 'P', '2017-04-12 10:41:32', '2017-04-12 10:41:32', NULL),
(131, 2, '2017-04-11', '09:00:00', '17:00:00', 'P', '2017-04-12 10:41:32', '2017-04-12 10:41:32', NULL),
(132, 2, '2017-04-12', '09:00:00', '17:00:00', 'P', '2017-04-12 10:41:32', '2017-04-12 10:41:32', NULL),
(133, 2, '2017-04-13', '09:00:00', '17:00:00', 'P', '2017-04-12 10:41:32', '2017-04-12 10:41:32', NULL),
(134, 2, '2017-04-14', '09:00:00', '17:00:00', 'P', '2017-04-12 10:41:32', '2017-04-12 10:41:32', NULL),
(135, 2, '2017-04-15', '09:00:00', '17:00:00', 'P', '2017-04-12 10:41:32', '2017-04-12 10:41:32', NULL),
(136, 2, '2017-04-16', '09:00:00', '17:00:00', 'P', '2017-04-12 10:41:32', '2017-04-12 10:41:32', NULL),
(137, 2, '2017-04-17', '09:00:00', '17:00:00', 'P', '2017-04-12 10:41:32', '2017-04-12 10:41:32', NULL),
(138, 2, '2017-04-18', '09:00:00', '17:00:00', 'P', '2017-04-12 10:41:32', '2017-04-12 10:41:32', NULL),
(139, 2, '2017-04-19', '09:00:00', '17:00:00', 'P', '2017-04-12 10:41:32', '2017-04-12 10:41:32', NULL),
(140, 2, '2017-04-20', '09:00:00', '17:00:00', 'P', '2017-04-12 10:41:32', '2017-04-12 10:41:32', NULL),
(141, 2, '2017-04-21', '09:00:00', '17:00:00', 'P', '2017-04-12 10:41:32', '2017-04-12 10:41:32', NULL),
(142, 2, '2017-04-22', '09:00:00', '17:00:00', 'P', '2017-04-12 10:41:32', '2017-04-12 10:41:32', NULL),
(143, 2, '2017-04-23', '09:00:00', '17:00:00', 'P', '2017-04-12 10:41:32', '2017-04-12 10:41:32', NULL),
(144, 2, '2017-04-24', '09:00:00', '17:00:00', 'P', '2017-04-12 10:41:32', '2017-04-12 10:41:32', NULL),
(145, 2, '2017-04-25', '09:00:00', '17:00:00', 'P', '2017-04-12 10:41:32', '2017-04-12 10:41:32', NULL),
(146, 2, '2017-04-26', '09:00:00', '17:00:00', 'P', '2017-04-12 10:41:32', '2017-04-12 10:41:32', NULL),
(147, 2, '2017-04-27', '09:00:00', '17:00:00', 'P', '2017-04-12 10:41:32', '2017-04-12 10:41:32', NULL),
(148, 2, '2017-04-28', '09:00:00', '17:00:00', 'P', '2017-04-12 10:41:32', '2017-04-12 10:41:32', NULL),
(149, 2, '2017-04-29', '09:00:00', '17:00:00', 'P', '2017-04-12 10:41:32', '2017-04-12 10:41:32', NULL),
(150, 2, '2017-04-30', '09:00:00', '17:00:00', 'P', '2017-04-12 10:41:32', '2017-04-12 10:41:32', NULL),
(151, 1, '2017-04-01', NULL, NULL, 'A', '2017-04-12 10:41:32', '2017-04-12 10:41:32', NULL),
(152, 1, '2017-04-02', NULL, NULL, 'A', '2017-04-12 10:41:32', '2017-04-12 10:41:32', NULL),
(153, 1, '2017-04-03', '09:00:00', '17:00:00', 'P', '2017-04-12 10:41:32', '2017-04-12 10:41:32', NULL),
(154, 1, '2017-04-04', '09:00:00', '17:00:00', 'P', '2017-04-12 10:41:32', '2017-04-12 10:41:32', NULL),
(155, 1, '2017-04-05', '09:00:00', '17:00:00', 'P', '2017-04-12 10:41:32', '2017-04-12 10:41:32', NULL),
(156, 1, '2017-04-06', '09:00:00', '17:00:00', 'P', '2017-04-12 10:41:32', '2017-04-12 10:41:32', NULL),
(157, 1, '2017-04-07', '09:00:00', '17:00:00', 'P', '2017-04-12 10:41:32', '2017-04-12 10:41:32', NULL),
(158, 1, '2017-04-08', '09:00:00', '17:00:00', 'P', '2017-04-12 10:41:32', '2017-04-12 10:41:32', NULL),
(159, 1, '2017-04-09', '09:00:00', '17:00:00', 'P', '2017-04-12 10:41:32', '2017-04-12 10:41:32', NULL),
(160, 1, '2017-04-10', '09:00:00', '17:00:00', 'P', '2017-04-12 10:41:32', '2017-04-12 10:41:32', NULL),
(161, 1, '2017-04-11', '09:00:00', '17:00:00', 'P', '2017-04-12 10:41:32', '2017-04-12 10:41:32', NULL),
(162, 1, '2017-04-12', '09:00:00', '17:00:00', 'P', '2017-04-12 10:41:32', '2017-04-12 10:41:32', NULL),
(163, 1, '2017-04-13', '09:00:00', '17:00:00', 'P', '2017-04-12 10:41:32', '2017-04-12 10:41:32', NULL),
(164, 1, '2017-04-14', '09:00:00', '17:00:00', 'P', '2017-04-12 10:41:32', '2017-04-12 10:41:32', NULL),
(165, 1, '2017-04-15', '09:00:00', '17:00:00', 'P', '2017-04-12 10:41:32', '2017-04-12 10:41:32', NULL),
(166, 1, '2017-04-16', '09:00:00', '17:00:00', 'P', '2017-04-12 10:41:32', '2017-04-12 10:41:32', NULL),
(167, 1, '2017-04-17', '09:00:00', '17:00:00', 'P', '2017-04-12 10:41:32', '2017-04-12 10:41:32', NULL),
(168, 1, '2017-04-18', '09:00:00', '17:00:00', 'P', '2017-04-12 10:41:32', '2017-04-12 10:41:32', NULL),
(169, 1, '2017-04-19', '09:00:00', '17:00:00', 'P', '2017-04-12 10:41:32', '2017-04-12 10:41:32', NULL),
(170, 1, '2017-04-20', '09:00:00', '17:00:00', 'P', '2017-04-12 10:41:32', '2017-04-12 10:41:32', NULL),
(171, 1, '2017-04-21', '09:00:00', '17:00:00', 'P', '2017-04-12 10:41:32', '2017-04-12 10:41:32', NULL),
(172, 1, '2017-04-22', '09:00:00', '17:00:00', 'P', '2017-04-12 10:41:32', '2017-04-12 10:41:32', NULL),
(173, 1, '2017-04-23', '09:00:00', '17:00:00', 'P', '2017-04-12 10:41:32', '2017-04-12 10:41:32', NULL),
(174, 1, '2017-04-24', '09:00:00', '17:00:00', 'P', '2017-04-12 10:41:32', '2017-04-12 10:41:32', NULL),
(175, 1, '2017-04-25', '09:00:00', '17:00:00', 'P', '2017-04-12 10:41:32', '2017-04-12 10:41:32', NULL),
(176, 1, '2017-04-26', '09:00:00', '17:00:00', 'P', '2017-04-12 10:41:32', '2017-04-12 10:41:32', NULL),
(177, 1, '2017-04-27', '09:00:00', '17:00:00', 'P', '2017-04-12 10:41:33', '2017-04-12 10:41:33', NULL),
(178, 1, '2017-04-28', '09:00:00', '17:00:00', 'P', '2017-04-12 10:41:33', '2017-04-12 10:41:33', NULL),
(179, 1, '2017-04-29', '09:00:00', '17:00:00', 'P', '2017-04-12 10:41:33', '2017-04-12 10:41:33', NULL),
(180, 1, '2017-04-30', '09:00:00', '17:00:00', 'P', '2017-04-12 10:41:33', '2017-04-12 10:41:33', NULL),
(181, 3, '2017-04-01', NULL, NULL, 'A', '2017-04-12 10:41:33', '2017-04-12 10:41:33', NULL),
(182, 3, '2017-04-02', NULL, NULL, 'A', '2017-04-12 10:41:33', '2017-04-12 10:41:33', NULL),
(183, 3, '2017-04-03', '09:00:00', '17:00:00', 'P', '2017-04-12 10:41:33', '2017-04-12 10:41:33', NULL),
(184, 3, '2017-04-04', '09:00:00', '17:00:00', 'P', '2017-04-12 10:41:33', '2017-04-12 10:41:33', NULL),
(185, 3, '2017-04-05', '09:00:00', '17:00:00', 'P', '2017-04-12 10:41:33', '2017-04-12 10:41:33', NULL),
(186, 3, '2017-04-06', '09:00:00', '17:00:00', 'P', '2017-04-12 10:41:33', '2017-04-12 10:41:33', NULL),
(187, 3, '2017-04-07', '09:00:00', '17:00:00', 'P', '2017-04-12 10:41:33', '2017-04-12 10:41:33', NULL),
(188, 3, '2017-04-08', '09:00:00', '17:00:00', 'P', '2017-04-12 10:41:33', '2017-04-12 10:41:33', NULL),
(189, 3, '2017-04-09', '09:00:00', '17:00:00', 'P', '2017-04-12 10:41:33', '2017-04-12 10:41:33', NULL),
(190, 3, '2017-04-10', '09:00:00', '17:00:00', 'P', '2017-04-12 10:41:33', '2017-04-12 10:41:33', NULL),
(191, 3, '2017-04-11', '09:00:00', '17:00:00', 'P', '2017-04-12 10:41:33', '2017-04-12 10:41:33', NULL),
(192, 3, '2017-04-12', '09:00:00', '17:00:00', 'P', '2017-04-12 10:41:33', '2017-04-12 10:41:33', NULL),
(193, 3, '2017-04-13', '09:00:00', '17:00:00', 'P', '2017-04-12 10:41:33', '2017-04-12 10:41:33', NULL),
(194, 3, '2017-04-14', '09:00:00', '17:00:00', 'P', '2017-04-12 10:41:33', '2017-04-12 10:41:33', NULL),
(195, 3, '2017-04-15', '09:00:00', '17:00:00', 'P', '2017-04-12 10:41:33', '2017-04-12 10:41:33', NULL),
(196, 3, '2017-04-16', '09:00:00', '17:00:00', 'P', '2017-04-12 10:41:33', '2017-04-12 10:41:33', NULL),
(197, 3, '2017-04-17', '09:00:00', '17:00:00', 'P', '2017-04-12 10:41:33', '2017-04-12 10:41:33', NULL),
(198, 3, '2017-04-18', '09:00:00', '17:00:00', 'P', '2017-04-12 10:41:33', '2017-04-12 10:41:33', NULL),
(199, 3, '2017-04-19', '09:00:00', '17:00:00', 'P', '2017-04-12 10:41:33', '2017-04-12 10:41:33', NULL),
(200, 3, '2017-04-20', '09:00:00', '17:00:00', 'P', '2017-04-12 10:41:33', '2017-04-12 10:41:33', NULL),
(201, 3, '2017-04-21', '09:00:00', '17:00:00', 'P', '2017-04-12 10:41:33', '2017-04-12 10:41:33', NULL),
(202, 3, '2017-04-22', '09:00:00', '17:00:00', 'P', '2017-04-12 10:41:33', '2017-04-12 10:41:33', NULL),
(203, 3, '2017-04-23', '09:00:00', '17:00:00', 'P', '2017-04-12 10:41:33', '2017-04-12 10:41:33', NULL),
(204, 3, '2017-04-24', '09:00:00', '17:00:00', 'P', '2017-04-12 10:41:33', '2017-04-12 10:41:33', NULL),
(205, 3, '2017-04-25', '09:00:00', '17:00:00', 'P', '2017-04-12 10:41:33', '2017-04-12 10:41:33', NULL),
(206, 3, '2017-04-26', '09:00:00', '17:00:00', 'P', '2017-04-12 10:41:33', '2017-04-12 10:41:33', NULL),
(207, 3, '2017-04-27', '09:00:00', '17:00:00', 'P', '2017-04-12 10:41:33', '2017-04-12 10:41:33', NULL),
(208, 3, '2017-04-28', '09:00:00', '17:00:00', 'P', '2017-04-12 10:41:33', '2017-04-12 10:41:33', NULL),
(209, 3, '2017-04-29', '09:00:00', '17:00:00', 'P', '2017-04-12 10:41:33', '2017-04-12 10:41:33', NULL),
(210, 3, '2017-04-30', '09:00:00', '17:00:00', 'P', '2017-04-12 10:41:33', '2017-04-12 10:41:33', NULL);

-- --------------------------------------------------------

--
-- Table structure for table `attendance_hours`
--

CREATE TABLE `attendance_hours` (
  `attendance_hour_id` int(11) NOT NULL,
  `user_id` int(11) DEFAULT NULL,
  `admin_id` int(11) DEFAULT NULL,
  `timein` time DEFAULT NULL,
  `timeout` time DEFAULT NULL,
  `date` date DEFAULT NULL
) ENGINE=InnoDB DEFAULT CHARSET=latin1;

--
-- Dumping data for table `attendance_hours`
--

INSERT INTO `attendance_hours` (`attendance_hour_id`, `user_id`, `admin_id`, `timein`, `timeout`, `date`) VALUES
(1, 15, 15, '12:18:10', '12:20:23', '2019-04-12'),
(2, 15, 15, '12:19:33', '12:20:23', '2019-04-12'),
(3, 15, 15, '12:38:00', NULL, '2019-04-12'),
(4, 15, 15, '12:38:59', NULL, '2019-04-12'),
(5, 15, 15, '12:40:36', '12:41:06', '2019-04-12'),
(6, 15, 15, '18:03:14', '18:08:05', '2019-04-12'),
(7, 1, NULL, '18:08:22', '18:09:34', '2019-04-12'),
(8, 15, 15, '18:09:41', '18:11:47', '2019-04-12'),
(9, 15, 15, '18:22:27', '18:27:45', '2019-04-12'),
(10, 15, 15, '18:27:52', '18:30:20', '2019-04-12'),
(11, 15, 15, '18:31:15', '18:35:09', '2019-04-12'),
(12, 15, 15, '10:08:06', '10:29:12', '2019-04-17'),
(13, 15, 15, '10:11:08', '11:44:56', '2019-04-23'),
(14, 15, 15, '18:35:40', '18:36:51', '2019-04-23'),
(15, 21, 21, '18:36:59', '18:41:50', '2019-04-23'),
(16, 15, 15, '10:14:12', '10:30:00', '2019-04-24'),
(17, 15, 15, '10:30:06', '10:30:49', '2019-04-24'),
(18, 16, 15, '10:30:56', '10:31:03', '2019-04-24'),
(19, 15, 15, '10:31:14', '10:44:49', '2019-04-24'),
(20, 15, 15, '10:44:57', '10:45:39', '2019-04-24'),
(21, 15, 15, '10:45:45', '10:51:04', '2019-04-24'),
(22, 15, 15, '10:51:11', '10:52:23', '2019-04-24'),
(23, 16, 15, '10:52:30', '10:53:30', '2019-04-24'),
(24, 15, 15, '10:53:37', '10:53:46', '2019-04-24'),
(25, 16, 15, '10:53:54', '10:54:02', '2019-04-24'),
(26, 15, 15, '10:54:10', NULL, '2019-04-24'),
(27, 15, 15, '11:29:19', '11:38:15', '2019-04-24'),
(28, 15, 15, '10:19:00', NULL, '2019-05-11'),
(29, 15, 15, '10:32:10', '10:32:13', '2019-05-11'),
(30, 15, 15, '09:20:20', NULL, '2019-05-15'),
(31, 15, 15, '09:14:31', NULL, '2019-05-16'),
(32, 15, 15, '09:27:41', NULL, '2019-05-17'),
(33, 15, 15, '10:05:46', NULL, '2019-05-18'),
(34, 15, 15, '12:50:36', NULL, '2019-05-18'),
(35, 15, 15, '13:47:13', NULL, '2019-05-18');

-- --------------------------------------------------------

--
-- Table structure for table `banks`
--

CREATE TABLE `banks` (
  `bank_id` int(11) NOT NULL,
  `bank_name` varchar(150) NOT NULL,
  `bank_iban` varchar(255) DEFAULT NULL,
  `bank_address` varchar(255) DEFAULT NULL,
  `bank_swift` varchar(255) DEFAULT NULL,
  `created_at` datetime DEFAULT NULL,
  `updated_at` datetime DEFAULT NULL,
  `deleted_at` datetime DEFAULT NULL
) ENGINE=InnoDB DEFAULT CHARSET=latin1;

--
-- Dumping data for table `banks`
--

INSERT INTO `banks` (`bank_id`, `bank_name`, `bank_iban`, `bank_address`, `bank_swift`, `created_at`, `updated_at`, `deleted_at`) VALUES
(1, 'test', 'sadda', 'dsasad', 'asdtest', '2017-03-20 21:33:53', '2017-03-20 21:34:08', '2017-03-20 21:34:08');

-- --------------------------------------------------------

--
-- Table structure for table `bookings`
--

CREATE TABLE `bookings` (
  `booking_id` int(11) NOT NULL,
  `booking_date` datetime NOT NULL,
  `customer_id` int(11) NOT NULL,
  `table_id` int(11) DEFAULT NULL,
  `notes` text,
  `is_cancelled` tinyint(4) DEFAULT NULL,
  `booking_by` int(11) NOT NULL,
  `booking_cancelled_by` int(11) DEFAULT NULL,
  `created_at` datetime DEFAULT NULL,
  `updated_at` datetime DEFAULT NULL,
  `deleted_at` datetime DEFAULT NULL
) ENGINE=InnoDB DEFAULT CHARSET=latin1;

-- --------------------------------------------------------

--
-- Table structure for table `campaign`
--

CREATE TABLE `campaign` (
  `campaign_id` int(11) NOT NULL,
  `campaign_name` varchar(50) CHARACTER SET utf8 DEFAULT NULL,
  `updated_at` datetime DEFAULT NULL,
  `created_at` datetime DEFAULT NULL,
  `deleted_at` datetime DEFAULT NULL
) ENGINE=InnoDB DEFAULT CHARSET=latin1;

--
-- Dumping data for table `campaign`
--

INSERT INTO `campaign` (`campaign_id`, `campaign_name`, `updated_at`, `created_at`, `deleted_at`) VALUES
(2, 'Convave Canada', '0000-00-00 00:00:00', '0000-00-00 00:00:00', NULL),
(5, 'Q Mobile', NULL, '0000-00-00 00:00:00', NULL),
(6, 'Laptop Sale', NULL, '0000-00-00 00:00:00', NULL);

-- --------------------------------------------------------

--
-- Table structure for table `categories`
--

CREATE TABLE `categories` (
  `category_id` int(11) NOT NULL,
  `category_name` varchar(50) DEFAULT NULL,
  `parent_category_id` int(11) DEFAULT NULL,
  `updated_at` datetime DEFAULT NULL,
  `created_at` datetime DEFAULT NULL,
  `deleted_at` datetime DEFAULT NULL
) ENGINE=InnoDB DEFAULT CHARSET=latin1;

--
-- Dumping data for table `categories`
--

INSERT INTO `categories` (`category_id`, `category_name`, `parent_category_id`, `updated_at`, `created_at`, `deleted_at`) VALUES
(1, 'Electronics', NULL, NULL, NULL, NULL),
(2, 'Toys', 1, '2017-02-14 15:33:20', '2017-02-14 15:33:20', NULL),
(3, 'Toys', 1, '2017-02-14 16:45:23', '2017-02-14 16:44:01', '2017-02-14 16:45:23'),
(4, 'C1', 2, '2017-02-14 16:52:18', '2017-02-14 16:45:55', '2017-02-14 16:52:18'),
(5, 'C2', 2, '2017-02-14 16:56:52', '2017-02-14 16:52:05', '2017-02-14 16:56:52'),
(6, 'Electronics 3', 2, '2017-03-16 05:19:23', '2017-03-16 05:17:25', '2017-03-16 05:19:23'),
(7, 'test 4', NULL, '2017-03-16 05:19:39', '2017-03-16 05:19:03', '2017-03-16 05:19:39'),
(8, 'test 56', NULL, '2017-03-16 05:19:39', '2017-03-16 05:19:32', '2017-03-16 05:19:39'),
(9, 'elecctr', NULL, '2017-04-08 06:43:36', '2017-04-08 06:43:36', NULL);

-- --------------------------------------------------------

--
-- Table structure for table `center`
--

CREATE TABLE `center` (
  `center_id` int(11) NOT NULL,
  `center_name` varchar(50) CHARACTER SET utf8 DEFAULT NULL,
  `updated_at` datetime DEFAULT NULL,
  `created_at` datetime DEFAULT NULL,
  `deleted_at` datetime DEFAULT NULL
) ENGINE=InnoDB DEFAULT CHARSET=latin1;

--
-- Dumping data for table `center`
--

INSERT INTO `center` (`center_id`, `center_name`, `updated_at`, `created_at`, `deleted_at`) VALUES
(1, 'Cryse churj', '0000-00-00 00:00:00', '0000-00-00 00:00:00', NULL),
(3, 'Sydney Club', NULL, '0000-00-00 00:00:00', NULL),
(4, 'Los Wegas', NULL, '0000-00-00 00:00:00', NULL);

-- --------------------------------------------------------

--
-- Table structure for table `company_holidays`
--

CREATE TABLE `company_holidays` (
  `company_holiday_id` int(11) NOT NULL,
  `holiday_name` varchar(255) DEFAULT NULL,
  `holiday_start_date` date DEFAULT NULL,
  `holiday_end_date` date DEFAULT NULL,
  `updated_at` datetime DEFAULT NULL,
  `created_at` datetime DEFAULT NULL,
  `deleted_at` datetime DEFAULT NULL
) ENGINE=InnoDB DEFAULT CHARSET=latin1;

-- --------------------------------------------------------

--
-- Table structure for table `currency`
--

CREATE TABLE `currency` (
  `currency_id` int(11) NOT NULL,
  `currency_name` varchar(50) CHARACTER SET utf8 DEFAULT NULL,
  `region_id` int(11) NOT NULL,
  `currency_symbol` varchar(50) NOT NULL,
  `updated_at` datetime DEFAULT NULL,
  `created_at` datetime DEFAULT NULL,
  `deleted_at` datetime DEFAULT NULL
) ENGINE=InnoDB DEFAULT CHARSET=latin1;

--
-- Dumping data for table `currency`
--

INSERT INTO `currency` (`currency_id`, `currency_name`, `region_id`, `currency_symbol`, `updated_at`, `created_at`, `deleted_at`) VALUES
(2, 'Canadaa', 2, 'pakistan rupya', '0000-00-00 00:00:00', '0000-00-00 00:00:00', NULL),
(3, 'Dollar', 1, '$', '0000-00-00 00:00:00', '0000-00-00 00:00:00', NULL),
(6, 'Euro', 3, '&', NULL, '0000-00-00 00:00:00', NULL),
(7, 'Pound', 4, '*', NULL, '0000-00-00 00:00:00', NULL);

-- --------------------------------------------------------

--
-- Table structure for table `customers`
--

CREATE TABLE `customers` (
  `customer_id` int(11) NOT NULL,
  `title` varchar(200) DEFAULT NULL,
  `address` text,
  `city` varchar(200) DEFAULT NULL,
  `country` varchar(200) DEFAULT NULL,
  `person` varchar(200) DEFAULT NULL,
  `designation` text,
  `telephone` varchar(200) DEFAULT NULL,
  `fax` varchar(200) DEFAULT NULL,
  `email` varchar(200) DEFAULT NULL,
  `cell` varchar(200) DEFAULT NULL,
  `person_email` varchar(200) DEFAULT NULL,
  `created_at` datetime DEFAULT NULL,
  `updated_at` datetime DEFAULT NULL,
  `deleted_at` datetime DEFAULT NULL
) ENGINE=InnoDB DEFAULT CHARSET=latin1;

--
-- Dumping data for table `customers`
--

INSERT INTO `customers` (`customer_id`, `title`, `address`, `city`, `country`, `person`, `designation`, `telephone`, `fax`, `email`, `cell`, `person_email`, `created_at`, `updated_at`, `deleted_at`) VALUES
(1, 'Skytech sol', 'bhayani center', 'karachi', 'Pakistan', 'taimoor', 'manager', '123-123-1234', '', 'arman@gmail.com', '', '', '0000-00-00 00:00:00', '0000-00-00 00:00:00', NULL),
(2, 'arman', 'abc', 'karachi', 'pakistan', 'test@gmail.com', 'manager', '', '', '', '', '', '0000-00-00 00:00:00', NULL, NULL),
(3, 'abc', 'abc', 'karachi', 'pakistan', 'xyz', '', '', '', '', '123', '', '0000-00-00 00:00:00', '0000-00-00 00:00:00', NULL);

-- --------------------------------------------------------

--
-- Table structure for table `customer_addresses`
--

CREATE TABLE `customer_addresses` (
  `customer_address_id` int(11) NOT NULL,
  `customer_id` int(11) DEFAULT NULL,
  `customer_address` mediumtext,
  `customer_phone` varchar(50) DEFAULT NULL,
  `updated_at` datetime DEFAULT NULL,
  `created_at` datetime DEFAULT NULL,
  `deleted_at` datetime DEFAULT NULL
) ENGINE=InnoDB DEFAULT CHARSET=latin1;

-- --------------------------------------------------------

--
-- Table structure for table `customer_info`
--

CREATE TABLE `customer_info` (
  `customer_info_id` int(11) NOT NULL,
  `deal_id` int(11) NOT NULL,
  `admin_id` int(11) NOT NULL,
  `first_name` varchar(255) NOT NULL,
  `middle_initial` varchar(255) NOT NULL,
  `last_name` varchar(255) NOT NULL,
  `street_address` text NOT NULL,
  `zip_code` varchar(255) NOT NULL,
  `state_province_code` varchar(255) NOT NULL,
  `country` varchar(255) NOT NULL,
  `home_phone` varchar(255) NOT NULL,
  `work_phone` varchar(255) NOT NULL,
  `mobile_phone` varchar(255) NOT NULL,
  `email_address` varchar(255) NOT NULL,
  `website` varchar(255) NOT NULL,
  `date_of_birth` date NOT NULL,
  `ssn` varchar(255) NOT NULL,
  `mmn` varchar(255) NOT NULL,
  `updated_at` datetime DEFAULT NULL,
  `created_at` datetime DEFAULT NULL
) ENGINE=InnoDB DEFAULT CHARSET=latin1;

--
-- Dumping data for table `customer_info`
--

INSERT INTO `customer_info` (`customer_info_id`, `deal_id`, `admin_id`, `first_name`, `middle_initial`, `last_name`, `street_address`, `zip_code`, `state_province_code`, `country`, `home_phone`, `work_phone`, `mobile_phone`, `email_address`, `website`, `date_of_birth`, `ssn`, `mmn`, `updated_at`, `created_at`) VALUES
(1, 1, 0, 'faizan ali', 'ali', 'darwesh', 'karachi', '74400', '021', '1', '0900', '0900', '0900', 'faizan@gmail.com', 'skytechsol.com', '2019-03-26', '1111', '2222', NULL, '2019-03-26 11:07:54'),
(2, 2, 0, 'ayaz', 'ahmed', 'darwesh', 'karachi', '74400', '021', '3', '0900', '0900', '0900', 'faizan@gmail.com', 'skytechsol.com', '2019-03-27', '1111', '2222', NULL, '2019-03-27 10:15:17'),
(3, 3, 0, 'usman', 'ali', 'darwesh', 'karachi', '74400', '021', '1', '0900', '0900', '0900', 'faizan@gmail.com', 'skytechsol.com', '2019-03-27', '1111', '2222', NULL, '2019-03-27 11:31:27'),
(4, 4, 0, 'asad', 'ali', 'darwesh', 'karachi', '74400', '021', '3', '0900', '0900', '0900', 'faizan@gmail.com', 'skytechsol.com', '2019-03-27', '1111', '2222', NULL, '2019-03-27 12:30:33'),
(5, 5, 0, 'faizan', 'ali', 'darwesh', 'karachi', '74400', '021', '1', '0900', '0900', '0900', 'faizan@gmail.com', 'skytechsol.com', '2019-03-30', '1111', '2222', NULL, '2019-03-30 16:19:56'),
(6, 6, 0, 'faizan', 'ali', 'darwesh', 'karachi', '74400', '021', '1', '0900', '0900', '0900', 'faizan@gmail.com', 'skytechsol.com', '2019-03-30', '1111', '2222', NULL, '2019-03-30 16:30:32'),
(7, 7, 0, 'ayaz', 'ali', 'darwesh', 'karachi', '74400', '021', '1', '0900', '0900', '0900', 'faizan@gmail.com', 'skytechsol.com', '2019-04-01', '1111', '2222', NULL, '2019-04-01 14:27:31'),
(8, 8, 0, 'asad', 'ahmed', 'darwesh', 'karachi', '74400', '021', '1', '0900', '0900', '0900', 'faizan@gmail.com', 'skytechsol.com', '2019-04-01', '1111', '2222', NULL, '2019-04-01 14:29:34'),
(9, 9, 0, 'faizan ali', 'ali', 'darwesh', 'karachi', '74400', '021', '1', '0900', '0900', '0900', 'faizan@gmail.com', 'skytechsol.com', '2019-04-05', '1111', '2222', NULL, '2019-04-05 12:40:40'),
(10, 11, 15, 'usman', 'ali', 'darwesh', 'karachi', '74400', '021', '1', '0900', '0900', '0900', 'faizan@gmail.com', 'skytechsol.com', '2019-04-06', '1111', '2222', NULL, '2019-04-06 16:44:12'),
(11, 12, 15, 'asad', 'ali', 'darwesh', 'karachi', '74400', '021', '1', '0900', '0900', '0900', 'faizan@gmail.com', 'skytechsol.com', '2019-04-06', '1111', '2222', NULL, '2019-04-06 17:09:21'),
(12, 13, 15, 'ayaz', 'ahmed', 'mast', 'karachi', '74400', '021', '1', '0900', '0900', '0900', 'faizan@gmail.com', 'skytechsol.com', '2019-04-11', '1111', '2222', NULL, '2019-04-11 10:26:21'),
(13, 14, 15, 'faizan', 'ali', 'darwesh', 'karachi', '74400', '021', '1', '0900', '0900', '0900', 'faizan@gmail.com', 'skytechsol.com', '2019-04-11', '1111', '2222', NULL, '2019-04-11 10:34:16'),
(14, 15, 15, 'faizan', 'ali', 'darwesh', 'karachi', '74400', '021', '1', '0900', '0900', '0900', 'faizan@gmail.com', 'skytechsol.com', '2019-04-11', '1111', '2222', NULL, '2019-04-11 10:52:32'),
(15, 16, 15, 'usman', 'ahmed', 'mast', 'karachi', '74400', '021', '3', '0900', '0900', '0900', 'faizan@gmail.com', 'skytechsol.com', '2019-04-11', '1111', '2222', NULL, '2019-04-11 10:58:14'),
(16, 17, 15, 'malik', 'shoaib', 'mirza', 'pakistan', '74400', '021', '3', '0900', '0900', '0900', 'faizan@gmail.com', 'skytechsol.com', '2019-04-11', '1111', '2222', '2019-04-11 12:21:42', '2019-04-11 11:01:31'),
(17, 18, 15, 'faizan', 'ali', 'darwesh', 'karachi', '74400', '021', '1', '0900', '0900', '0900', 'faizan@gmail.com', 'skytechsol.com', '2019-04-11', '1111', '2222', NULL, '2019-04-11 17:19:30'),
(18, 19, 15, 'faizan', 'ali', 'darwesh', 'karachi', '74400', '021', '1', '0900', '0900', '0900', 'faizan@gmail.com', 'skytechsol.com', '2019-04-12', '1111', '2222', NULL, '2019-04-12 18:28:35');

-- --------------------------------------------------------

--
-- Table structure for table `daily_registers`
--

CREATE TABLE `daily_registers` (
  `daily_register_id` int(11) NOT NULL,
  `register_open_by` int(11) DEFAULT NULL,
  `register_open_date` datetime DEFAULT NULL,
  `register_close_date` datetime DEFAULT NULL,
  `register_openning_balance` decimal(19,2) DEFAULT NULL,
  `register_closing_balance` decimal(19,2) DEFAULT NULL,
  `created_at` datetime DEFAULT NULL,
  `updated_at` datetime DEFAULT NULL,
  `deleted_at` datetime DEFAULT NULL
) ENGINE=InnoDB DEFAULT CHARSET=latin1;

--
-- Dumping data for table `daily_registers`
--

INSERT INTO `daily_registers` (`daily_register_id`, `register_open_by`, `register_open_date`, `register_close_date`, `register_openning_balance`, `register_closing_balance`, `created_at`, `updated_at`, `deleted_at`) VALUES
(1, 1, '2017-03-07 00:00:00', '2017-03-07 00:00:00', '10.00', '310.00', '2017-03-07 08:12:43', '2017-03-07 08:18:21', NULL),
(2, 2, '2018-02-04 00:00:00', NULL, '500.00', NULL, '2018-02-04 17:49:01', '2018-02-04 17:49:01', NULL);

-- --------------------------------------------------------

--
-- Table structure for table `deal`
--

CREATE TABLE `deal` (
  `deal_id` int(11) NOT NULL,
  `user_id` int(11) NOT NULL,
  `admin_id` int(11) DEFAULT NULL,
  `forum_type` varchar(150) NOT NULL,
  `assigned_user_id` int(11) DEFAULT NULL,
  `deal_status` int(1) NOT NULL DEFAULT '0',
  `updated_at` datetime DEFAULT NULL,
  `created_at` datetime DEFAULT NULL
) ENGINE=InnoDB DEFAULT CHARSET=latin1;

--
-- Dumping data for table `deal`
--

INSERT INTO `deal` (`deal_id`, `user_id`, `admin_id`, `forum_type`, `assigned_user_id`, `deal_status`, `updated_at`, `created_at`) VALUES
(1, 15, 0, 'manager', NULL, 0, NULL, '2019-03-26 11:07:54'),
(2, 15, 0, 'verifier', NULL, 0, NULL, '2019-03-27 10:15:17'),
(3, 15, 0, 'manager', NULL, 0, NULL, '2019-03-27 11:31:27'),
(4, 15, 0, 'agent', NULL, 0, NULL, '2019-03-27 12:30:32'),
(5, 16, 15, 'agent', NULL, 0, NULL, '2019-03-30 16:19:56'),
(6, 15, 0, '', NULL, 1, NULL, '2019-03-30 16:30:32'),
(7, 15, 0, '', NULL, 1, NULL, '2019-04-01 14:27:31'),
(8, 15, 0, 'agent', 16, 0, NULL, '2019-04-01 14:29:34'),
(9, 15, 0, '', NULL, 1, NULL, '2019-04-05 12:40:39'),
(10, 15, NULL, '', NULL, 1, NULL, '2019-04-06 16:43:10'),
(11, 15, 15, 'agent', 15, 0, NULL, '2019-04-06 16:44:12'),
(12, 15, 15, '', NULL, 0, NULL, '2019-04-06 17:09:21'),
(13, 15, 15, '', NULL, 0, NULL, '2019-04-11 10:26:21'),
(14, 15, 15, '', NULL, 0, NULL, '2019-04-11 10:34:16'),
(15, 15, 15, '', NULL, 0, NULL, '2019-04-11 10:52:32'),
(16, 15, 15, 'verifier', NULL, 0, NULL, '2019-04-11 10:58:14'),
(17, 15, 15, '', NULL, 1, NULL, '2019-04-11 11:01:31'),
(18, 15, 15, '', NULL, 1, NULL, '2019-04-11 17:19:30'),
(19, 15, 15, '', NULL, 0, NULL, '2019-04-12 18:28:35');

-- --------------------------------------------------------

--
-- Table structure for table `deal_logs`
--

CREATE TABLE `deal_logs` (
  `id` int(11) NOT NULL,
  `deal_id` int(11) DEFAULT NULL,
  `user_id` int(11) DEFAULT NULL,
  `status` varchar(150) DEFAULT NULL,
  `comment` text,
  `ip_address` varchar(150) DEFAULT NULL,
  `date` varchar(150) DEFAULT NULL
) ENGINE=InnoDB DEFAULT CHARSET=latin1;

--
-- Dumping data for table `deal_logs`
--

INSERT INTO `deal_logs` (`id`, `deal_id`, `user_id`, `status`, `comment`, `ip_address`, `date`) VALUES
(1, 3, 15, 'pick', NULL, NULL, '2019-03-27 12:41:45'),
(2, 3, 15, 'leave', NULL, NULL, '2019-03-27 12:45:24'),
(3, 3, 15, 'pick', 'just pick this deal', NULL, '2019-03-27 12:58:16'),
(4, 3, 15, 'leave', 'just leave this deal', NULL, '2019-03-27 12:59:12'),
(5, 3, 15, 'pick', 'pick this deal', '::1', '2019-03-27 13:07:46'),
(6, 3, 15, 'leave', 'leave this deal', '::1', '2019-03-27 13:08:50'),
(7, NULL, NULL, 'pick', NULL, '::1', '2019-03-28 12:36:32'),
(8, 8, 15, 'pick', 'pick this deal', '::1', '2019-04-01 14:33:27'),
(9, 8, 15, 'leave', 'leave this deal', '::1', '2019-04-01 14:34:33'),
(10, 8, 16, 'pick', 'faizan here', '::1', '2019-04-05 18:08:52'),
(11, 8, 16, 'leave', 'leaving', '::1', '2019-04-05 18:09:22'),
(12, 8, 16, 'pick', 'picking', '::1', '2019-04-05 18:09:56'),
(13, NULL, NULL, 'pick', NULL, '::1', '2019-04-06 16:48:25'),
(14, 11, 16, 'pick', 'just pick this deal', '::1', '2019-04-06 16:48:58'),
(15, 11, 16, 'leave', 'leave this deal', '::1', '2019-04-06 16:50:18'),
(16, 11, 15, 'pick', 'pick', '::1', '2019-04-10 16:10:45');

-- --------------------------------------------------------

--
-- Table structure for table `deal_product`
--

CREATE TABLE `deal_product` (
  `deal_product_id` int(11) NOT NULL,
  `product_name` varchar(11) NOT NULL,
  `product_description` varchar(11) NOT NULL,
  `deal_id` int(11) NOT NULL,
  `admin_id` int(11) NOT NULL,
  `updated_at` datetime DEFAULT NULL,
  `created_at` datetime DEFAULT NULL
) ENGINE=InnoDB DEFAULT CHARSET=latin1;

--
-- Dumping data for table `deal_product`
--

INSERT INTO `deal_product` (`deal_product_id`, `product_name`, `product_description`, `deal_id`, `admin_id`, `updated_at`, `created_at`) VALUES
(1, '1', 'nice', 1, 0, NULL, '2019-03-26 11:08:12'),
(2, '1', 'sdasdasd', 2, 0, NULL, '2019-03-27 10:15:28'),
(3, '10', 'sasas', 3, 0, NULL, '2019-03-27 11:31:36'),
(4, '1', 'asdasd', 4, 0, NULL, '2019-03-27 12:30:44'),
(5, '10', 'dsfdsfsd', 8, 0, NULL, '2019-04-01 14:29:44'),
(6, '10', 'xXSXsx', 9, 0, NULL, '2019-04-05 12:41:13'),
(7, '10', 'sdfdfsdf', 11, 15, NULL, '2019-04-06 16:44:19'),
(8, '10', 'ddsfdsf', 13, 15, NULL, '2019-04-11 10:26:54'),
(9, '9', 'dcsdcs', 14, 15, NULL, '2019-04-11 10:34:23'),
(10, '9', 'sxasx', 15, 15, NULL, '2019-04-11 10:52:40'),
(11, '9', 'asdasdas', 16, 15, NULL, '2019-04-11 10:58:22'),
(12, '5', 'sasacas', 17, 15, NULL, '2019-04-11 11:01:40'),
(13, '9', 'adsdasdas', 18, 15, NULL, '2019-04-11 17:26:27');

-- --------------------------------------------------------

--
-- Table structure for table `departments`
--

CREATE TABLE `departments` (
  `department_id` int(11) NOT NULL,
  `department_name` varchar(255) NOT NULL,
  `created_at` datetime DEFAULT NULL,
  `updated_at` datetime DEFAULT NULL,
  `deleted_at` datetime DEFAULT NULL
) ENGINE=InnoDB DEFAULT CHARSET=latin1;

--
-- Dumping data for table `departments`
--

INSERT INTO `departments` (`department_id`, `department_name`, `created_at`, `updated_at`, `deleted_at`) VALUES
(1, 'Information Technology', '1980-06-12 14:25:35', '1998-04-07 14:25:04', NULL),
(2, 'Marketing', '1970-01-01 17:32:57', '1990-03-15 19:45:17', NULL),
(3, 'Research and Development', '1990-02-26 15:26:51', '1994-11-30 10:09:18', NULL),
(4, 'Customer Support', '1985-02-27 04:49:36', '2007-09-08 19:12:30', NULL),
(5, 'Executive', '1980-06-12 14:25:36', '2012-05-25 09:36:28', NULL),
(6, 'Sales', '1994-11-13 05:50:52', '1971-01-18 05:48:37', NULL),
(7, 'Manufacturing', NULL, '2002-12-23 04:49:05', NULL),
(8, 'Finance', '2015-06-09 22:52:33', '1979-06-04 07:00:16', NULL),
(9, 'Facilities', '2010-09-23 08:28:36', '1975-10-04 20:12:38', NULL),
(10, 'Consulting', '1985-02-27 04:49:37', '2007-09-08 19:12:31', NULL),
(11, 'Operations', '1998-04-07 16:16:30', '1984-02-18 21:24:17', NULL),
(12, 'Human Resources', '1980-06-12 14:25:37', '2012-05-25 09:36:29', NULL),
(13, 'Test Department', '2017-02-14 10:12:15', '2017-02-14 10:37:40', '2017-02-14 10:37:40'),
(14, 'Test Department 2', '2017-02-14 10:12:26', '2017-02-14 10:13:24', '2017-02-14 10:13:24'),
(15, 'test 02', '2017-03-15 09:50:29', '2017-03-15 09:51:15', '2017-03-15 09:51:15'),
(16, 'test 3', '2017-03-15 09:50:37', '2017-03-15 09:55:39', '2017-03-15 09:55:39'),
(17, 'test 4', '2017-03-15 09:50:42', '2017-03-15 09:58:33', '2017-03-15 09:58:33'),
(18, 'test', '2017-03-15 09:59:40', '2017-03-15 10:00:00', '2017-03-15 10:00:00'),
(19, 'test 2', '2017-03-15 09:59:46', '2017-03-15 10:01:28', '2017-03-15 10:01:28'),
(20, 'test 3', '2017-03-15 09:59:53', '2017-03-15 10:06:26', '2017-03-15 10:06:26'),
(21, 'test 7', '2017-03-15 10:01:42', '2017-03-15 10:48:32', '2017-03-15 10:48:32'),
(22, 'test 8', '2017-03-15 10:06:37', '2017-03-15 10:48:32', '2017-03-15 10:48:32'),
(23, 'test 5', '2017-03-15 10:52:47', '2017-03-15 10:53:16', '2017-03-15 10:53:16'),
(24, 'test 4', '2017-03-15 10:52:52', '2017-03-15 10:53:16', '2017-03-15 10:53:16'),
(25, 'test 4', '2017-03-15 10:56:05', '2017-03-15 10:56:29', '2017-03-15 10:56:29'),
(26, 'test 4', '2017-03-15 10:56:15', '2017-03-15 10:56:29', '2017-03-15 10:56:29'),
(27, 'tesst', '2017-03-15 11:00:08', '2017-03-15 11:00:25', '2017-03-15 11:00:25'),
(28, 'test 6', '2017-03-15 11:00:42', '2017-03-15 11:00:50', '2017-03-15 11:00:50'),
(29, 'Information Technology', '2017-03-15 11:24:13', '2017-03-15 11:32:32', '2017-03-15 11:32:32'),
(30, 'Information Technology', '2017-03-15 11:26:03', '2017-03-15 11:32:32', '2017-03-15 11:32:32'),
(31, 'Information Technology', '2017-03-15 11:30:46', '2017-03-15 11:32:32', '2017-03-15 11:32:32'),
(32, 'Information Technology', '2017-03-15 11:31:37', '2017-03-15 11:32:32', '2017-03-15 11:32:32'),
(33, 'Human Resource', '2017-03-15 11:32:55', '2017-03-15 11:33:05', '2017-03-15 11:33:05'),
(34, 'Department', NULL, NULL, NULL),
(35, 'Department 5', NULL, NULL, NULL),
(36, 'Department 6', NULL, NULL, NULL),
(37, 'Department 7', NULL, NULL, NULL),
(38, 'Test Department 32', NULL, NULL, NULL),
(39, 'Test Department 323', NULL, NULL, NULL),
(40, 'Test Department 3233', NULL, NULL, NULL),
(41, 'CID', '0000-00-00 00:00:00', '0000-00-00 00:00:00', NULL),
(42, 'test department 5', '0000-00-00 00:00:00', '0000-00-00 00:00:00', NULL),
(43, 'IR', '0000-00-00 00:00:00', NULL, NULL);

-- --------------------------------------------------------

--
-- Table structure for table `documents`
--

CREATE TABLE `documents` (
  `document_id` int(11) NOT NULL,
  `document_name` varchar(50) DEFAULT NULL,
  `document_expiry_date` date NOT NULL,
  `document_type_id` int(11) DEFAULT NULL,
  `document_file_path` varchar(255) DEFAULT NULL,
  `uploaded_by_user_id` int(11) DEFAULT NULL,
  `created_at` datetime DEFAULT NULL,
  `updated_at` datetime DEFAULT NULL,
  `deleted_at` datetime DEFAULT NULL
) ENGINE=InnoDB DEFAULT CHARSET=latin1;

--
-- Dumping data for table `documents`
--

INSERT INTO `documents` (`document_id`, `document_name`, `document_expiry_date`, `document_type_id`, `document_file_path`, `uploaded_by_user_id`, `created_at`, `updated_at`, `deleted_at`) VALUES
(3, 'Adeel 2', '2017-02-15', 2, 'arsim-content-demo.xml', NULL, '2017-02-21 12:17:29', '2017-02-21 12:36:34', NULL),
(4, 'RT', '2017-03-10', 2, NULL, 1, '2017-03-04 08:53:00', '2017-03-04 08:53:00', NULL),
(5, 'test', '2017-03-22', 1, 'attendance_list (1).csv', 1, '2017-03-20 20:54:08', '2017-03-20 20:54:08', NULL);

-- --------------------------------------------------------

--
-- Table structure for table `document_fields`
--

CREATE TABLE `document_fields` (
  `document_field_id` int(11) NOT NULL,
  `document_type_field_id` int(11) DEFAULT NULL,
  `document_field_value` text,
  `document_id` int(11) NOT NULL,
  `created_at` datetime DEFAULT NULL,
  `updated_at` datetime DEFAULT NULL,
  `deleted_at` datetime DEFAULT NULL
) ENGINE=InnoDB DEFAULT CHARSET=latin1;

--
-- Dumping data for table `document_fields`
--

INSERT INTO `document_fields` (`document_field_id`, `document_type_field_id`, `document_field_value`, `document_id`, `created_at`, `updated_at`, `deleted_at`) VALUES
(6, 2, 'Visa 2', 3, '2017-02-21 12:36:34', '2017-02-21 12:36:34', NULL),
(7, 3, 'Adeel', 3, '2017-02-21 12:36:34', '2017-02-21 12:36:34', NULL),
(8, 4, '1231231313', 3, '2017-02-21 12:36:34', '2017-02-21 12:36:34', NULL),
(9, 5, '2017-12', 3, '2017-02-21 12:36:34', '2017-02-21 12:36:34', NULL),
(10, 6, '222', 3, '2017-02-21 12:36:34', '2017-02-21 12:36:34', NULL),
(11, 2, 'Vsa', 4, '2017-03-04 08:53:00', '2017-03-04 08:53:00', NULL),
(12, 3, 'asdadasd', 4, '2017-03-04 08:53:00', '2017-03-04 08:53:00', NULL),
(13, 4, '2131231313', 4, '2017-03-04 08:53:00', '2017-03-04 08:53:00', NULL),
(14, 5, '2017-03', 4, '2017-03-04 08:53:00', '2017-03-04 08:53:00', NULL),
(15, 6, '3333', 4, '2017-03-04 08:53:00', '2017-03-04 08:53:00', NULL);

-- --------------------------------------------------------

--
-- Table structure for table `document_types`
--

CREATE TABLE `document_types` (
  `document_type_id` int(11) NOT NULL,
  `document_type_name` varchar(50) DEFAULT NULL,
  `created_at` datetime DEFAULT NULL,
  `updated_at` datetime DEFAULT NULL,
  `deleted_at` datetime DEFAULT NULL
) ENGINE=InnoDB DEFAULT CHARSET=latin1;

--
-- Dumping data for table `document_types`
--

INSERT INTO `document_types` (`document_type_id`, `document_type_name`, `created_at`, `updated_at`, `deleted_at`) VALUES
(1, 'Emirates ID', '2017-02-21 08:57:26', '2017-02-21 08:57:26', NULL),
(2, 'Debit Card', '2017-02-21 10:07:30', '2017-02-21 10:07:30', NULL),
(3, 'test test', '2017-03-20 20:58:26', '2017-03-20 20:58:43', '2017-03-20 20:58:43'),
(4, 'Attendance document', '2017-04-10 06:22:55', '2017-04-10 06:22:55', NULL);

-- --------------------------------------------------------

--
-- Table structure for table `document_type_fields`
--

CREATE TABLE `document_type_fields` (
  `document_type_field_id` int(11) NOT NULL,
  `document_type_id` int(11) DEFAULT NULL,
  `field_name` varchar(50) DEFAULT NULL,
  `field_type` varchar(50) DEFAULT NULL,
  `field_max_length` int(11) DEFAULT NULL,
  `field_validation_regex` varchar(50) DEFAULT NULL,
  `default_value` varchar(255) DEFAULT NULL,
  `is_required` tinyint(1) DEFAULT NULL,
  `created_at` datetime DEFAULT NULL,
  `updated_at` datetime DEFAULT NULL,
  `deleted_at` datetime DEFAULT NULL
) ENGINE=InnoDB DEFAULT CHARSET=latin1;

--
-- Dumping data for table `document_type_fields`
--

INSERT INTO `document_type_fields` (`document_type_field_id`, `document_type_id`, `field_name`, `field_type`, `field_max_length`, `field_validation_regex`, `default_value`, `is_required`, `created_at`, `updated_at`, `deleted_at`) VALUES
(2, 2, 'Card Type', 'text', 200, NULL, NULL, 1, '2017-02-21 10:07:30', '2017-02-21 10:07:30', NULL),
(3, 2, 'Card Holder', 'text', 200, NULL, NULL, 0, '2017-02-21 10:07:30', '2017-02-21 10:07:30', NULL),
(4, 2, 'Card Number', 'number', 200, NULL, NULL, 1, '2017-02-21 10:07:30', '2017-02-21 10:07:30', NULL),
(5, 2, 'Card Expiry', 'month', 200, NULL, NULL, 1, '2017-02-21 10:07:30', '2017-02-21 10:07:30', NULL),
(6, 2, 'Card CVV', 'number', 200, NULL, NULL, 1, '2017-02-21 10:07:30', '2017-02-21 10:07:30', NULL),
(8, 3, 'test', 'text', 200, 'A-Z', 'test', 1, '2017-03-20 20:58:39', '2017-03-20 20:58:39', NULL),
(9, 4, 'Employee ID', 'number', 200, NULL, NULL, 1, '2017-04-10 06:22:55', '2017-04-10 06:22:55', NULL),
(10, 4, 'Date', 'date', 200, NULL, NULL, 1, '2017-04-10 06:22:55', '2017-04-10 06:22:55', NULL),
(11, 4, 'Status', 'text', 200, NULL, NULL, 1, '2017-04-10 06:22:55', '2017-04-10 06:22:55', NULL);

-- --------------------------------------------------------

--
-- Table structure for table `final_page`
--

CREATE TABLE `final_page` (
  `updated_at` datetime DEFAULT NULL,
  `created_at` datetime DEFAULT NULL
) ENGINE=InnoDB DEFAULT CHARSET=latin1;

--
-- Dumping data for table `final_page`
--

INSERT INTO `final_page` (`updated_at`, `created_at`) VALUES
('0000-00-00 00:00:00', '0000-00-00 00:00:00'),
('0000-00-00 00:00:00', '0000-00-00 00:00:00');

-- --------------------------------------------------------

--
-- Table structure for table `gl_accounts`
--

CREATE TABLE `gl_accounts` (
  `gl_account_id` int(11) NOT NULL,
  `gl_account_name` varchar(50) DEFAULT NULL,
  `gl_account_code` varchar(50) DEFAULT NULL,
  `parent_gl_account_id` int(11) DEFAULT NULL,
  `account_type_id` int(11) DEFAULT NULL,
  `created_at` datetime DEFAULT NULL,
  `updated_at` datetime DEFAULT NULL,
  `deleted_at` datetime DEFAULT NULL
) ENGINE=InnoDB DEFAULT CHARSET=latin1;

--
-- Dumping data for table `gl_accounts`
--

INSERT INTO `gl_accounts` (`gl_account_id`, `gl_account_name`, `gl_account_code`, `parent_gl_account_id`, `account_type_id`, `created_at`, `updated_at`, `deleted_at`) VALUES
(1, 'Cash In Hand', '10001', 0, 1, '0000-00-00 00:00:00', '0000-00-00 00:00:00', NULL),
(2, 'Petty Cash', '10002', 1, 1, '0000-00-00 00:00:00', NULL, NULL),
(5, 'Income', '1122', 1, 1, '0000-00-00 00:00:00', NULL, NULL),
(6, 'account1', '005', 5, 2, '0000-00-00 00:00:00', NULL, NULL),
(7, 'Current Assets', '10001', 0, 1, '0000-00-00 00:00:00', NULL, NULL),
(8, 'Cash in Hand', '10002', 7, 1, '0000-00-00 00:00:00', NULL, NULL),
(9, 'Sales', '10009', 5, 2, '0000-00-00 00:00:00', '0000-00-00 00:00:00', NULL),
(10, 'Accounts Payable', '12333', 0, 3, '0000-00-00 00:00:00', NULL, NULL),
(11, 'Other Expenses', '122233', 0, 6, '0000-00-00 00:00:00', NULL, NULL),
(12, 'test chahrt of account', '123212', 5, 6, '0000-00-00 00:00:00', NULL, NULL);

-- --------------------------------------------------------

--
-- Table structure for table `hold_orders`
--

CREATE TABLE `hold_orders` (
  `hold_order_id` int(11) NOT NULL,
  `customer_id` int(11) DEFAULT NULL,
  `order_date` date DEFAULT NULL,
  `sub_total` decimal(10,2) DEFAULT '0.00',
  `discount` varchar(10) DEFAULT '0',
  `total_amount` decimal(10,2) DEFAULT '0.00',
  `notes` varchar(255) DEFAULT NULL,
  `created_at` datetime DEFAULT NULL,
  `updated_at` datetime DEFAULT NULL,
  `deleted_at` datetime DEFAULT NULL
) ENGINE=InnoDB DEFAULT CHARSET=latin1;

--
-- Dumping data for table `hold_orders`
--

INSERT INTO `hold_orders` (`hold_order_id`, `customer_id`, `order_date`, `sub_total`, `discount`, `total_amount`, `notes`, `created_at`, `updated_at`, `deleted_at`) VALUES
(11, 1, '2017-04-16', '450.00', NULL, '450.00', NULL, '2017-04-16 07:04:10', '2017-04-16 07:04:10', NULL),
(12, 1, '2018-02-04', '5390.00', NULL, '5390.00', NULL, '2018-02-04 17:52:18', '2018-02-05 09:42:34', '2018-02-05 09:42:34'),
(13, 1, '2018-02-05', '5390.00', NULL, '5390.00', NULL, '2018-02-05 09:42:13', '2018-02-05 09:42:31', '2018-02-05 09:42:31');

-- --------------------------------------------------------

--
-- Table structure for table `hold_order_items`
--

CREATE TABLE `hold_order_items` (
  `hold_order_item_id` int(11) NOT NULL,
  `hold_order_id` int(11) NOT NULL,
  `product_id` int(11) NOT NULL,
  `qty` decimal(19,2) NOT NULL DEFAULT '0.00',
  `sell_price` decimal(19,2) NOT NULL DEFAULT '0.00',
  `created_at` datetime DEFAULT NULL,
  `updated_at` datetime DEFAULT NULL,
  `deleted_at` datetime DEFAULT NULL
) ENGINE=InnoDB DEFAULT CHARSET=latin1;

--
-- Dumping data for table `hold_order_items`
--

INSERT INTO `hold_order_items` (`hold_order_item_id`, `hold_order_id`, `product_id`, `qty`, `sell_price`, `created_at`, `updated_at`, `deleted_at`) VALUES
(1, 11, 44, '1.00', '150.00', '2017-04-16 07:04:10', '2017-04-16 07:04:10', NULL),
(2, 11, 38, '1.00', '300.00', '2017-04-16 07:04:10', '2017-04-16 07:04:10', NULL);

-- --------------------------------------------------------

--
-- Table structure for table `insert_notes`
--

CREATE TABLE `insert_notes` (
  `insert_notes_id` int(11) NOT NULL,
  `agent` varchar(255) NOT NULL,
  `manager` varchar(255) NOT NULL,
  `verifier` varchar(255) NOT NULL,
  `admin_id` int(11) NOT NULL,
  `deal_id` int(11) NOT NULL,
  `updated_at` datetime DEFAULT NULL,
  `created_at` datetime DEFAULT NULL
) ENGINE=InnoDB DEFAULT CHARSET=latin1;

--
-- Dumping data for table `insert_notes`
--

INSERT INTO `insert_notes` (`insert_notes_id`, `agent`, `manager`, `verifier`, `admin_id`, `deal_id`, `updated_at`, `created_at`) VALUES
(1, 'dilawar', 'ayaz', 'faizan', 0, 1, NULL, '2019-03-26 11:12:08'),
(2, 'dilawar', 'ayaz', 'faizan', 0, 2, NULL, '2019-03-27 10:16:55'),
(3, 'dilawar', 'ayaz', 'faizan', 0, 3, NULL, '2019-03-27 11:32:57'),
(4, 'dilawar', 'ayaz', 'faizan', 0, 4, NULL, '2019-03-27 12:31:59'),
(5, 'dilawar', 'ayaz', 'faizan', 0, 8, NULL, '2019-04-01 14:31:44'),
(6, 'dilawar', 'ayaz', 'faizan', 15, 11, NULL, '2019-04-06 16:46:27'),
(7, 'dilawar', 'ayaz', 'faizan', 15, 13, NULL, '2019-04-11 10:30:05'),
(8, 'dilawar', 'ayaz', 'faizan', 15, 14, NULL, '2019-04-11 10:35:22'),
(9, 'dilawar', 'ayaz', 'faizan', 15, 15, NULL, '2019-04-11 10:53:34'),
(10, 'dilawar', 'ayaz', 'faizan', 15, 16, NULL, '2019-04-11 10:59:11'),
(11, 'taimoor', 'asad', 'dilawar', 15, 17, '2019-04-11 14:02:02', '2019-04-11 11:02:30');

-- --------------------------------------------------------

--
-- Table structure for table `job_order`
--

CREATE TABLE `job_order` (
  `job_id` int(11) NOT NULL,
  `job_ref` varchar(200) DEFAULT NULL,
  `date` varchar(200) DEFAULT NULL,
  `description` text,
  `short_description` varchar(200) DEFAULT NULL,
  `note_invoice` varchar(200) DEFAULT NULL,
  `remarks` varchar(200) DEFAULT NULL,
  `bare` varchar(200) DEFAULT NULL,
  `shell` varchar(200) DEFAULT NULL,
  `us_pkr` varchar(200) DEFAULT NULL,
  `held_on` varchar(200) DEFAULT NULL,
  `status` varchar(200) DEFAULT NULL,
  `is_sales_invoice` int(11) NOT NULL DEFAULT '0',
  `created_at` datetime DEFAULT NULL,
  `updated_at` datetime DEFAULT NULL,
  `deleted_at` datetime DEFAULT NULL
) ENGINE=InnoDB DEFAULT CHARSET=latin1;

--
-- Dumping data for table `job_order`
--

INSERT INTO `job_order` (`job_id`, `job_ref`, `date`, `description`, `short_description`, `note_invoice`, `remarks`, `bare`, `shell`, `us_pkr`, `held_on`, `status`, `is_sales_invoice`, `created_at`, `updated_at`, `deleted_at`) VALUES
(1, '2133', '2019-01-19', 'test', 'test', '332232', 'saddsa', '544', '45', '45', '2019-01-21', 'Open', 1, '0000-00-00 00:00:00', '0000-00-00 00:00:00', NULL),
(2, 'ad', '2019-01-08', 'Description', 'df', 'sdf', 'sdf', '23', '23', '23', '2019-01-31', 'Open', 1, '0000-00-00 00:00:00', NULL, NULL),
(3, '11', '2019-01-02', 'abc', 'abc', 'abc', 'xyz', '10', '5', '15', '2019-01-24', 'Open', 1, '0000-00-00 00:00:00', NULL, NULL),
(4, NULL, NULL, NULL, NULL, NULL, NULL, NULL, NULL, NULL, NULL, NULL, 1, '0000-00-00 00:00:00', NULL, NULL),
(5, '11', '2019-02-13', 'abc', 'abc', '123', 'abc', '1', '12', '1', '2019-02-14', 'Open', 1, '0000-00-00 00:00:00', '0000-00-00 00:00:00', NULL),
(6, '22', '2019-02-06', 'abc', 'abc', 'abc', '123', '', '', '', '', 'Open', 1, '0000-00-00 00:00:00', NULL, NULL),
(7, '21312', '2019-03-02', 'dasdsd', 'sadada', 'sdadas', 'sdasdad', '213', '123', '1231', '2019-03-03', 'Open', 0, '0000-00-00 00:00:00', NULL, NULL);

-- --------------------------------------------------------

--
-- Table structure for table `journal_entries`
--

CREATE TABLE `journal_entries` (
  `journal_entry_id` int(11) NOT NULL,
  `journal_entry_date` date NOT NULL,
  `amount` decimal(10,2) DEFAULT NULL,
  `entry_type` varchar(50) DEFAULT NULL,
  `entry_made_by_user_id` int(11) DEFAULT NULL,
  `gl_account_id` int(11) DEFAULT NULL,
  `ref_note` text,
  `entry_ref` varchar(255) DEFAULT NULL,
  `entry_document_source` int(11) DEFAULT NULL,
  `purchase_order_id` int(11) DEFAULT NULL,
  `sales_order_id` int(11) DEFAULT NULL,
  `journal_ref_id` int(11) DEFAULT NULL,
  `created_at` datetime DEFAULT NULL,
  `updated_at` datetime DEFAULT NULL,
  `deleted_at` datetime DEFAULT NULL
) ENGINE=InnoDB DEFAULT CHARSET=latin1;

--
-- Dumping data for table `journal_entries`
--

INSERT INTO `journal_entries` (`journal_entry_id`, `journal_entry_date`, `amount`, `entry_type`, `entry_made_by_user_id`, `gl_account_id`, `ref_note`, `entry_ref`, `entry_document_source`, `purchase_order_id`, `sales_order_id`, `journal_ref_id`, `created_at`, `updated_at`, `deleted_at`) VALUES
(1, '2019-01-16', '200.00', 'Debit', 1, 2, 'abc', '123', NULL, NULL, NULL, 1, '2019-01-29 13:02:42', NULL, NULL),
(2, '2019-01-16', '200.00', 'Credit', 1, 5, 'abc', '123', NULL, NULL, NULL, 1, '2019-01-29 13:02:42', NULL, NULL),
(3, '2019-01-29', '100.00', 'Debit', 1, 5, 'abc', '22', NULL, NULL, NULL, 3, '2019-01-29 14:30:33', NULL, NULL),
(4, '2019-01-29', '100.00', 'Credit', 1, 2, 'abc', '22', NULL, NULL, NULL, 3, '2019-01-29 14:30:33', NULL, NULL),
(5, '2019-01-25', '200.00', 'Credit', 1, 1, 'abc', '22', NULL, NULL, NULL, 5, '2019-01-29 14:33:52', NULL, NULL),
(6, '2019-01-25', '200.00', 'Debit', 1, 5, 'abc', '22', NULL, NULL, NULL, 5, '2019-01-29 14:33:52', NULL, NULL),
(7, '2019-02-07', '300.00', 'Debit', 18, 5, 'abc', '11', NULL, NULL, NULL, 7, '2019-02-04 11:42:27', NULL, NULL),
(8, '2019-02-07', '300.00', 'Credit', 18, 1, 'abc', '11', NULL, NULL, NULL, 7, '2019-02-04 11:42:27', NULL, NULL),
(9, '2019-02-08', '600.00', 'Debit', 18, 1, 'abc', '11', NULL, NULL, NULL, 9, '2019-02-04 12:41:19', NULL, NULL),
(10, '2019-02-08', '600.00', 'Credit', 18, 6, 'abc', '11', NULL, NULL, NULL, 9, '2019-02-04 12:41:19', NULL, NULL),
(11, '2019-02-05', '500.00', 'Debit', 19, 11, 'chalan expense', '122', NULL, NULL, NULL, 11, '2019-02-06 09:28:37', NULL, NULL),
(12, '2019-02-05', '500.00', 'Credit', 19, 1, 'chalan expense', '122', NULL, NULL, NULL, 11, '2019-02-06 09:28:37', NULL, NULL),
(13, '2019-02-16', '10000.00', 'Debit', 18, 5, 'dfsd', '111', NULL, NULL, NULL, 13, '2019-02-16 15:15:42', NULL, NULL),
(14, '2019-02-16', NULL, NULL, 18, 0, 'dfsd', '111', NULL, NULL, NULL, 13, '2019-02-16 15:15:43', NULL, NULL),
(15, '2019-02-09', '200.00', 'Debit', 18, 5, 'abc', '123', NULL, NULL, NULL, 15, '2019-02-20 11:28:31', NULL, NULL),
(16, '2019-02-09', '200.00', 'Credit', 18, 7, 'abc', '123', NULL, NULL, NULL, 15, '2019-02-20 11:28:31', NULL, NULL),
(17, '2019-02-14', '200.00', 'Debit', 18, 10, '123', 'abc', NULL, NULL, NULL, 17, '2019-02-20 11:32:19', NULL, NULL),
(18, '2019-02-14', '200.00', 'Credit', 18, 11, '123', 'abc', NULL, NULL, NULL, 17, '2019-02-20 11:32:19', NULL, NULL);

-- --------------------------------------------------------

--
-- Table structure for table `loan_info`
--

CREATE TABLE `loan_info` (
  `loan_info_id` int(11) NOT NULL,
  `select_loan_type` varchar(255) NOT NULL,
  `lender_name` varchar(255) NOT NULL,
  `contact` varchar(255) NOT NULL,
  `start_date` date NOT NULL,
  `end_date` date NOT NULL,
  `account_number` varchar(255) NOT NULL,
  `cc` varchar(255) NOT NULL,
  `exp_date` text NOT NULL,
  `cvc` varchar(255) NOT NULL,
  `apr` varchar(255) NOT NULL,
  `total_owe` varchar(255) NOT NULL,
  `available_balance` varchar(255) NOT NULL,
  `min_payment` varchar(255) NOT NULL,
  `last_payment` varchar(255) NOT NULL,
  `next_payment` varchar(255) NOT NULL,
  `annual_intrest_amount` varchar(255) NOT NULL,
  `paid_off_duration` varchar(255) NOT NULL,
  `deal_id` int(11) NOT NULL,
  `admin_id` int(11) NOT NULL,
  `updated_at` datetime DEFAULT NULL,
  `created_at` datetime DEFAULT NULL
) ENGINE=InnoDB DEFAULT CHARSET=latin1;

--
-- Dumping data for table `loan_info`
--

INSERT INTO `loan_info` (`loan_info_id`, `select_loan_type`, `lender_name`, `contact`, `start_date`, `end_date`, `account_number`, `cc`, `exp_date`, `cvc`, `apr`, `total_owe`, `available_balance`, `min_payment`, `last_payment`, `next_payment`, `annual_intrest_amount`, `paid_off_duration`, `deal_id`, `admin_id`, `updated_at`, `created_at`) VALUES
(1, 'check1', 'ayaz', '13123', '2019-03-26', '2019-03-27', '12121221212', '1111-2222-3333-4444', '03-2019', '1234', '20', '10', '50000', '25000', '10000', '10000', '5000', '1', 1, 0, NULL, '2019-03-26 11:08:55'),
(2, 'check2', 'ayaz', '13123', '2019-03-27', '2019-03-28', '12121221212', '1111-2222-3333-4444', '03-2019', '1234', '20', '10', '50000', '25000', '10000', '10000', '5000', '1', 2, 0, NULL, '2019-03-27 10:16:10'),
(3, 'check3', 'ayaz', '13123', '2019-03-27', '2019-03-28', '12121221212', '1111-2222-3333-4444', '03-2019', '1234', '20', '10', '50000', '25000', '10000', '10000', '5000', '1', 3, 0, NULL, '2019-03-27 11:32:09'),
(4, 'check1', 'ayaz', '13123', '2019-03-27', '2019-03-27', '12121221212', '1111-2222-3333-5555', '03-2019', '1234', '20', '10', '50000', '25000', '10000', '10000', '5000', '1', 4, 0, NULL, '2019-03-27 12:31:16'),
(5, 'check1', 'ayaz', '13123', '2019-03-30', '2019-03-30', '12121221212', '2222-3333-4444-5555', '03-2019', '1234', '20', '10', '50000', '25000', '10000', '10000', '5000', '1', 5, 0, NULL, '2019-03-30 16:20:41'),
(6, 'check2', 'ayaz', '13123', '2019-04-01', '2019-04-01', '12121221212', '2222-4444-5555-6666', '04-2019', '1234', '20', '10', '50000', '25000', '10000', '10000', '5000', '1', 8, 0, NULL, '2019-04-01 14:31:08'),
(7, 'check2', 'faizan', '13123', '2019-05-11', '2019-04-20', '22222222', '1111-2222-3333-4444', '/', '1234', '20', '10', '50000', '25000', '10000', '10000', '5000', '1', 9, 0, NULL, '2019-04-05 12:43:34'),
(8, 'check3', 'new', '13123', '2019-04-06', '2019-04-13', '12121221212', '2222-3333-44445-5555', '04/2019', '1234', '20', '10', '50000', '25000', '10000', '10000', '5000', '1', 9, 0, NULL, '2019-04-05 12:49:37'),
(9, 'check1', 'new1', '13123', '2019-03-27', '2019-04-01', '12121221212', '2222-3333-4444-5555', '04/2019', '1234', '20', '10', '50000', '25000', '10000', '10000', '5000', '1', 9, 0, NULL, '2019-04-05 12:49:37'),
(10, 'check1', 'ayaz', '13123', '2019-04-05', '2019-04-05', '888999666', '2222-1111-2222-1111', '04/2019', '1234', '20', '10', '50000', '25000', '10000', '10000', '5000', '1', 9, 0, NULL, '2019-04-05 16:38:21'),
(11, 'check1', 'ayaz', '13123', '2019-04-01', '2019-04-06', '12121221212', '1111-2222-3333-3333', '04/2019', '1234', '20', '10', '50000', '25000', '10000', '10000', '5000', '1', 11, 15, NULL, '2019-04-06 16:45:44'),
(12, 'check2', 'xyz', '13123', '2019-03-27', '2019-03-30', '12121221212', '2222-3333-4444-5555', '04/2019', '1234', '20', '10', '50000', '25000', '10000', '10000', '5000', '1', 11, 15, NULL, '2019-04-06 16:45:44'),
(13, 'check1', 'ayaz', '13123', '2019-04-11', '2019-04-11', '12121221212', '2222-3333-4444-5555', '04/2019', '1234', '20', '10', '50000', '25000', '10000', '10000', '5000', '1', 13, 15, NULL, '2019-04-11 10:29:32'),
(14, 'check2', 'ayaz', '13123', '2019-04-12', '2019-04-13', '12121221212', '1111-2222-3333-4444', '04/2019', '1234', '20', '10', '50000', '25000', '10000', '10000', '5000', '1', 14, 15, NULL, '2019-04-11 10:35:01'),
(15, 'check2', 'zz', '13123', '2019-04-11', '2019-05-10', '12121221212', '6666-6666-6666-6666', '04/2019', '1234', '20', '10', '50000', '25000', '10000', '10000', '5000', '1', 15, 15, NULL, '2019-04-11 10:53:12'),
(16, 'check2', 'ayaz', '13123', '2019-04-11', '2019-04-11', '12121221212', '1111-1111-1111-1111', '04/2019', '1234', '20', '10', '50000', '25000', '10000', '10000', '5000', '1', 16, 15, NULL, '2019-04-11 10:58:52'),
(17, 'check2', 'ayaz', '13123', '2019-04-11', '2019-04-11', '12121221212', '2222-2222-2222-2222', '04/2019', '1234', '20', '10', '50000', '25000', '10000', '10000', '5000', '1', 17, 15, NULL, '2019-04-11 11:02:11');

-- --------------------------------------------------------

--
-- Table structure for table `login`
--

CREATE TABLE `login` (
  `id` int(11) NOT NULL,
  `account_title` varchar(255) DEFAULT NULL,
  `username` varchar(255) NOT NULL,
  `password` text NOT NULL,
  `mobile_no` varchar(30) DEFAULT NULL,
  `email` varchar(150) DEFAULT NULL,
  `user_type` int(2) DEFAULT NULL,
  `ip_address` varchar(20) DEFAULT NULL,
  `is_enable` int(1) DEFAULT NULL,
  `last_login` datetime NOT NULL,
  `last_logout` datetime NOT NULL,
  `last_action` datetime NOT NULL,
  `created_date` datetime DEFAULT NULL,
  `created_by` int(11) NOT NULL DEFAULT '0',
  `modify_date` datetime DEFAULT NULL,
  `modify_by` varchar(255) DEFAULT NULL
) ENGINE=InnoDB DEFAULT CHARSET=utf8;

--
-- Dumping data for table `login`
--

INSERT INTO `login` (`id`, `account_title`, `username`, `password`, `mobile_no`, `email`, `user_type`, `ip_address`, `is_enable`, `last_login`, `last_logout`, `last_action`, `created_date`, `created_by`, `modify_date`, `modify_by`) VALUES
(1, 'Super Admin', 'superadmin', '964a5502faec7a27f63ab5f7bddbe1bd8a685616a90ffcba633b5ad404569bd8fed4693cc00474a4881f636f3831a3e5a36bda049c568a89cfe54b1285b0c13e', '03129980055', 'shaheenlubricants@gmail.com', 1, '39.44.229.186', 1, '2019-02-02 14:50:50', '2019-04-12 15:09:34', '0000-00-00 00:00:00', '2016-11-26 00:00:00', 1, '2018-03-09 14:27:36', '1');

-- --------------------------------------------------------

--
-- Table structure for table `logs`
--

CREATE TABLE `logs` (
  `id` int(11) NOT NULL,
  `deal_id` int(11) DEFAULT NULL,
  `admin_id` int(11) DEFAULT NULL,
  `user_id` int(11) DEFAULT NULL,
  `url` varchar(255) DEFAULT NULL,
  `action` varchar(150) DEFAULT NULL,
  `deal_after` text,
  `deal_before` text,
  `comment` text,
  `ip_address` varchar(150) DEFAULT NULL,
  `date` varchar(150) DEFAULT NULL
) ENGINE=InnoDB DEFAULT CHARSET=latin1;

--
-- Dumping data for table `logs`
--

INSERT INTO `logs` (`id`, `deal_id`, `admin_id`, `user_id`, `url`, `action`, `deal_after`, `deal_before`, `comment`, `ip_address`, `date`) VALUES
(1, 3, NULL, 15, NULL, 'pick', NULL, NULL, NULL, NULL, '2019-03-27 12:41:45'),
(2, 3, NULL, 15, NULL, 'leave', NULL, NULL, NULL, NULL, '2019-03-27 12:45:24'),
(3, 3, NULL, 15, NULL, 'pick', NULL, NULL, 'just pick this deal', NULL, '2019-03-27 12:58:16'),
(4, 3, NULL, 15, NULL, 'leave', NULL, NULL, 'just leave this deal', NULL, '2019-03-27 12:59:12'),
(5, 3, NULL, 15, NULL, 'pick', NULL, NULL, 'pick this deal', '::1', '2019-03-27 13:07:46'),
(6, 3, NULL, 15, NULL, 'leave', NULL, NULL, 'leave this deal', '::1', '2019-03-27 13:08:50'),
(7, NULL, NULL, NULL, NULL, 'pick', NULL, NULL, NULL, '::1', '2019-03-28 12:36:32'),
(8, 8, NULL, 15, NULL, 'pick', NULL, NULL, 'pick this deal', '::1', '2019-04-01 14:33:27'),
(9, 8, NULL, 15, NULL, 'leave', NULL, NULL, 'leave this deal', '::1', '2019-04-01 14:34:33'),
(10, 8, NULL, 16, NULL, 'pick', NULL, NULL, 'faizan here', '::1', '2019-04-05 18:08:52'),
(11, 8, NULL, 16, NULL, 'leave', NULL, NULL, 'leaving', '::1', '2019-04-05 18:09:22'),
(12, 8, NULL, 16, NULL, 'pick', NULL, NULL, 'picking', '::1', '2019-04-05 18:09:56'),
(13, NULL, NULL, NULL, NULL, 'pick', NULL, NULL, NULL, '::1', '2019-04-06 16:48:25'),
(14, 11, NULL, 16, NULL, 'pick', NULL, NULL, 'just pick this deal', '::1', '2019-04-06 16:48:58'),
(15, 11, NULL, 16, NULL, 'leave', NULL, NULL, 'leave this deal', '::1', '2019-04-06 16:50:18'),
(16, 11, NULL, 15, NULL, 'pick', NULL, NULL, 'pick', '::1', '2019-04-10 16:10:45'),
(17, 18, 15, NULL, NULL, 'Created deal', '{\"deal_id\":18,\"admin_id\":\"15\",\"first_name\":\"faizan\",\"middle_initial\":\"ali\",\"last_name\":\"darwesh\",\"street_address\":\"karachi\",\"zip_code\":\"74400\",\"state_province_code\":\"021\",\"country\":\"1\",\"home_phone\":\"0900\",\"work_phone\":\"0900\",\"mobile_phone\":\"0900\",\"email_address\":\"faizan@gmail.com\",\"website\":\"skytechsol.com\",\"date_of_birth\":\"2019-04-11\",\"ssn\":\"1111\",\"mmn\":\"2222\",\"created_at\":\"2019-04-11 17:19:30\"}', '\"null\"', 'comment', '::1', '2019-04-11 17:19:30'),
(18, 18, 15, NULL, 'http://localhost/production/crm/crm_final/index.php/Deal/add', 'Deal Product Add', '{\"deal_id\":\"18\",\"admin_id\":\"15\",\"product_name\":\"9\",\"product_description\":\"adsdasdas\",\"created_at\":\"2019-04-11 17:26:27\"}', '\"null\"', 'comment', '::1', '2019-04-11 17:26:27'),
(19, NULL, 15, NULL, 'http://localhost/production/crm/crm_final/index.php/Deal/leave_deal', 'Leave', '\"null\"', '{\"assigned_user_id\":null}', 'sadadsa', '::1', '2019-04-12 10:16:57'),
(20, NULL, 15, NULL, 'http://localhost/production/crm/crm_final/index.php/Deal/leave_deal', 'Leave', '\"null\"', '{\"assigned_user_id\":null}', 'sasdasd', '::1', '2019-04-12 10:18:22'),
(21, NULL, 15, NULL, 'http://localhost/production/crm/crm_final/index.php/Deal/leave_deal', 'Leave', '\"null\"', '{\"assigned_user_id\":null}', 'sadsad', '::1', '2019-04-12 10:22:01'),
(22, 11, 15, NULL, 'http://localhost/production/crm/crm_final/index.php/Deal/leave_deal', 'Leave', '\"null\"', '{\"assigned_user_id\":null}', 'sadasd', '::1', '2019-04-12 10:25:13'),
(23, 19, 15, NULL, 'http://localhost/production/crm/crm_final/index.php/Deal/add', 'Created deal', '{\"deal_id\":19,\"admin_id\":\"15\",\"first_name\":\"faizan\",\"middle_initial\":\"ali\",\"last_name\":\"darwesh\",\"street_address\":\"karachi\",\"zip_code\":\"74400\",\"state_province_code\":\"021\",\"country\":\"1\",\"home_phone\":\"0900\",\"work_phone\":\"0900\",\"mobile_phone\":\"0900\",\"email_address\":\"faizan@gmail.com\",\"website\":\"skytechsol.com\",\"date_of_birth\":\"2019-04-12\",\"ssn\":\"1111\",\"mmn\":\"2222\",\"created_at\":\"2019-04-12 18:28:35\"}', '\"null\"', 'comment', '::1', '2019-04-12 18:28:35'),
(24, 11, 15, NULL, 'http://localhost/production/crm/crm_final/index.php/Deal/pick_deal', 'Pick', '\"null\"', '{\"assigned_user_id\":\"15\"}', 'fzdzdsz', '::1', '2019-04-17 10:08:54'),
(25, 11, 15, NULL, 'http://localhost/production/crm/crm_final/index.php/Deal/leave_deal', 'Leave', '\"null\"', '{\"assigned_user_id\":null}', 'dfdgfd', '::1', '2019-04-17 10:10:07'),
(26, 11, 15, 15, 'http://localhost/production/crm/crm_final/index.php/Deal/pick_deal', 'Pick', '\"null\"', '{\"assigned_user_id\":\"15\"}', 'sasdsa', '::1', '2019-04-17 10:18:00'),
(27, 19, 15, 15, 'http://localhost/production/crm/crm_final/index.php/Deal/forward', 'Forward/Revert', '\"null\"', '{\"deal_status\":\"0\",\"forum_type\":null}', 'comment', '::1', '2019-04-23 10:12:03'),
(28, 14, 15, 15, 'http://localhost/production/crm/crm_final/index.php/Deal/forward', 'Forward/Revert', '\"null\"', '{\"deal_status\":\"0\",\"forum_type\":null}', 'comment', '::1', '2019-04-23 10:13:19'),
(29, 15, 15, 15, 'http://localhost/production/crm/crm_final/index.php/Deal/forward', 'Forward/Revert', '\"null\"', '{\"deal_status\":\"0\",\"forum_type\":null}', 'comment', '::1', '2019-04-23 10:24:50'),
(30, 13, 15, 15, 'http://localhost/production/crm/crm_final/index.php/Deal/forward', 'Forward/Revert', '\"null\"', '{\"deal_status\":\"0\",\"forum_type\":null}', 'comment', '::1', '2019-04-23 10:32:41'),
(31, 12, 15, 15, 'http://localhost/production/crm/crm_final/index.php/Deal/forward', 'Forward/Revert', '\"null\"', '{\"deal_status\":\"0\",\"forum_type\":null}', 'comment', '::1', '2019-04-23 10:34:26'),
(32, 16, 15, 15, 'http://localhost/production/crm/crm_final/index.php/Deal/forward', 'Forward/Revert', '\"null\"', '{\"deal_status\":\"0\",\"forum_type\":\"manager\"}', 'comment', '::1', '2019-04-23 10:39:37'),
(33, 16, 15, 15, 'http://localhost/production/crm/crm_final/index.php/Deal/pick_deal', 'Pick', '\"null\"', '{\"assigned_user_id\":\"15\"}', 'pick', '::1', '2019-04-23 10:45:21'),
(34, 16, 15, 15, 'http://localhost/production/crm/crm_final/index.php/Deal/forward', 'Forward/Revert', '\"null\"', '{\"deal_status\":\"0\",\"forum_type\":\"verifier\"}', 'comment', '::1', '2019-04-23 10:45:53'),
(35, 16, 15, 15, 'http://localhost/production/crm/crm_final/index.php/Deal/forward', 'Forward/Revert', '\"null\"', '{\"deal_status\":\"0\",\"forum_type\":\"verifier\"}', 'comment', '::1', '2019-04-23 10:46:52'),
(36, 16, 15, 15, 'http://localhost/production/crm/crm_final/index.php/Deal/forward', 'Forward/Revert', '\"null\"', '{\"deal_status\":\"0\",\"forum_type\":\"verifier\",\"assigned_user_id\":null}', 'comment', '::1', '2019-04-23 10:59:28');

-- --------------------------------------------------------

--
-- Table structure for table `navigations`
--

CREATE TABLE `navigations` (
  `navigation_id` int(11) NOT NULL,
  `nav_name` varchar(45) CHARACTER SET utf8 DEFAULT NULL,
  `nav_icon` varchar(255) CHARACTER SET utf8 DEFAULT NULL,
  `nav_sort` int(11) DEFAULT NULL,
  `nav_show` tinyint(1) DEFAULT NULL,
  `parent_id` int(11) DEFAULT NULL,
  `nav_link` varchar(255) DEFAULT NULL,
  `updated_at` datetime DEFAULT NULL,
  `created_at` datetime DEFAULT NULL,
  `deleted_at` datetime DEFAULT NULL
) ENGINE=InnoDB DEFAULT CHARSET=latin1;

--
-- Dumping data for table `navigations`
--

INSERT INTO `navigations` (`navigation_id`, `nav_name`, `nav_icon`, `nav_sort`, `nav_show`, `parent_id`, `nav_link`, `updated_at`, `created_at`, `deleted_at`) VALUES
(1, 'Accounts', 'zmdi zmdi-landscape', 0, 1, NULL, NULL, NULL, '2019-02-02 00:00:00', NULL),
(2, 'Reports', 'zmdi zmdi-landscape', 0, 1, NULL, NULL, NULL, '2019-02-02 00:00:00', NULL),
(4, 'Account Type', 'zmdi zmdi-landscape', 0, 1, 1, 'account_types', NULL, '2019-02-02 00:00:00', NULL),
(5, 'Account Control', 'zmdi zmdi-landscape', 0, 1, 1, 'gl_accounts', NULL, '2019-02-02 00:00:00', NULL),
(6, 'Customers', 'zmdi zmdi-landscape', 0, 1, 24, 'customers', NULL, '2019-02-02 00:00:00', NULL),
(7, 'Job Order', 'zmdi zmdi-landscape', 0, 1, 24, 'job', NULL, '2019-02-02 00:00:00', NULL),
(8, 'Invoice', 'zmdi zmdi-landscape', 0, 1, 24, 'job/invoice_listing', NULL, '2019-02-02 00:00:00', NULL),
(9, 'Suppliers', 'zmdi zmdi-landscape', 0, 1, 24, 'suppliers', NULL, '2019-02-02 00:00:00', NULL),
(10, 'Purchase Orders', 'zmdi zmdi-landscape', 0, 1, 24, 'purchase_orders', NULL, '2019-02-02 00:00:00', NULL),
(11, 'Product', 'zmdi zmdi-landscape', 0, 1, 24, 'products', NULL, '2019-02-02 00:00:00', NULL),
(12, 'Purchase Invoice', 'zmdi zmdi-landscape', 0, 1, 24, 'purchase_invoices', NULL, '2019-02-02 00:00:00', NULL),
(13, 'Warehouses', 'zmdi zmdi-landscape', 0, 1, 24, 'Warehouses', NULL, '2019-02-02 00:00:00', NULL),
(14, 'Department', 'zmdi zmdi-landscape', 0, 1, 24, 'Departments', NULL, '2019-02-02 00:00:00', NULL),
(15, 'Roles', 'zmdi zmdi-landscape', 0, 1, 26, 'Roles', NULL, '2019-02-02 00:00:00', NULL),
(16, 'User', 'zmdi zmdi-landscape', 0, 1, 26, 'Users', NULL, '2019-02-02 00:00:00', NULL),
(17, 'Journal Entries', 'zmdi zmdi-landscape', 0, 1, 1, 'Journal_entries', NULL, '2019-02-02 00:00:00', NULL),
(18, 'Balance Sheet', 'zmdi zmdi-landscape', 0, 1, 2, 'Report/balance_sheet', NULL, '2019-02-02 00:00:00', NULL),
(19, 'Bank Book', 'zmdi zmdi-landscape', 0, 1, 2, 'Report/bank_book', NULL, '2019-02-02 00:00:00', NULL),
(20, 'P/L Statement', 'zmdi zmdi-landscape', 0, 1, 2, 'Report/income_statment', NULL, '2019-02-02 00:00:00', NULL),
(21, 'Cash Book', 'zmdi zmdi-landscape', 0, 1, 2, 'Report/cash_book', NULL, '2019-02-02 00:00:00', NULL),
(22, 'View Ledger', 'zmdi zmdi-landscape', 0, 1, 2, 'Report/ledger', NULL, '2019-02-02 00:00:00', NULL),
(23, 'Ledger Setting', 'zmdi zmdi-landscape', 0, 1, 1, 'Settings/ledger_settings', NULL, '2019-02-02 00:00:00', NULL),
(24, 'Sales & Purchase', 'zmdi zmdi-landscape', 0, 1, NULL, NULL, NULL, '2019-02-02 00:00:00', NULL),
(26, 'User Management', 'zmdi zmdi-landscape', 0, 1, NULL, NULL, NULL, '2019-02-02 00:00:00', NULL),
(27, 'Bank Accouts', 'zmdi zmdi-landscape', 0, 1, 1, 'Bank', NULL, '2019-02-02 00:00:00', NULL),
(28, 'Deal', 'zmdi zmdi-landscape', 2, 1, NULL, NULL, NULL, '2019-02-02 00:00:00', NULL),
(29, 'Create Deal', 'zmdi zmdi-landscape', 1, 1, 28, 'Deal', NULL, '2019-02-02 00:00:00', NULL),
(30, 'Picked Deals', 'zmdi zmdi-landscape', 2, 1, 28, 'Deal/picked', NULL, '2019-02-02 00:00:00', NULL),
(31, 'Forward Deals', 'zmdi zmdi-landscape', 3, 1, 28, 'Deal/sent', NULL, '2019-02-02 00:00:00', NULL),
(32, 'Saved Deals', 'zmdi zmdi-landscape', 4, 1, 28, 'Deal/saved', NULL, '2019-02-02 00:00:00', NULL),
(33, 'System', 'zmdi zmdi-landscape', 3, 1, NULL, NULL, NULL, '2019-02-02 00:00:00', NULL),
(34, 'Region', 'zmdi zmdi-landscape', 0, 1, 33, 'Region', NULL, '2019-02-02 00:00:00', NULL),
(35, 'Campaign', 'zmdi zmdi-landscape', 0, 1, 33, 'Campaign', NULL, '2019-02-02 00:00:00', NULL),
(36, 'Shift', 'zmdi zmdi-landscape', 0, 1, 33, 'Shift', NULL, '2019-02-02 00:00:00', NULL),
(37, 'Currency', 'zmdi zmdi-landscape', 0, 1, 33, 'Currency', NULL, '2019-02-02 00:00:00', NULL),
(38, 'Product', 'zmdi zmdi-landscape', 0, 1, 33, 'Product', NULL, '2019-02-02 00:00:00', NULL),
(39, 'Center', 'zmdi zmdi-landscape', 0, 1, 33, 'Center', NULL, '2019-02-02 00:00:00', NULL),
(40, 'Agent Forum', 'zmdi zmdi-landscape', 1, 1, 43, 'Deal/agent', NULL, '2019-02-02 00:00:00', NULL),
(41, 'Manager Forum', 'zmdi zmdi-landscape', 2, 1, 43, 'Deal/manager', NULL, '2019-02-02 00:00:00', NULL),
(42, 'Verifier Forum', 'zmdi zmdi-landscape', 3, 1, 43, 'Deal/verifier', NULL, '2019-02-02 00:00:00', NULL),
(43, 'Forums', 'zmdi zmdi-landscape', 1, 1, NULL, NULL, NULL, '2019-02-02 00:00:00', NULL),
(44, 'Complete Deals', 'zmdi zmdi-landscape', 5, 1, 28, 'Deal/complete', NULL, '2019-02-02 00:00:00', NULL);

-- --------------------------------------------------------

--
-- Table structure for table `payment_detail`
--

CREATE TABLE `payment_detail` (
  `payment_detail_id` int(11) NOT NULL,
  `ac` varchar(255) NOT NULL,
  `charge_amount` varchar(255) NOT NULL,
  `admin_id` int(11) NOT NULL,
  `deal_id` int(11) NOT NULL,
  `updated_at` datetime DEFAULT NULL,
  `created_at` datetime DEFAULT NULL
) ENGINE=InnoDB DEFAULT CHARSET=latin1;

--
-- Dumping data for table `payment_detail`
--

INSERT INTO `payment_detail` (`payment_detail_id`, `ac`, `charge_amount`, `admin_id`, `deal_id`, `updated_at`, `created_at`) VALUES
(1, '11111111-1212-12211', '1000', 0, 1, NULL, NULL),
(2, '11111111-1212-12211', '1000', 0, 1, NULL, NULL),
(3, '11111111-1212-12211', '1000', 0, 2, NULL, NULL),
(4, '11111111-1212-12211', '1000', 0, 2, NULL, NULL),
(5, '11111111-1212-12211', '1000', 0, 3, NULL, NULL),
(6, '--', '', 0, 3, NULL, NULL),
(7, '11111111-1212-12211', '1000', 0, 4, NULL, NULL),
(8, '11111111-1212-12211', '1000', 0, 4, NULL, NULL),
(9, '11111111-1212-12211', '1000', 0, 8, NULL, NULL),
(10, '--', '', 0, 8, NULL, NULL),
(11, '12121221212-1234-04/2019', '5000', 0, 11, NULL, NULL),
(12, '12121221212-1234-04/2019', '5000', 0, 11, NULL, NULL),
(13, '12121221212-1234-04/2019', '5000', 0, 13, NULL, NULL),
(14, '12121221212-1234-04/2019', '5000', 0, 14, NULL, NULL),
(15, '12121221212-1234-04/2019', '5000', 0, 15, NULL, NULL),
(16, '12121221212-1234-04/2019', '5000', 0, 16, NULL, NULL),
(17, '12121221212-1234-04/2019', '5000', 0, 17, NULL, NULL);

-- --------------------------------------------------------

--
-- Table structure for table `payment_info`
--

CREATE TABLE `payment_info` (
  `payment_info_id` int(11) NOT NULL,
  `payment_product` varchar(255) NOT NULL,
  `payment_mode` int(255) NOT NULL,
  `package_price` varchar(255) NOT NULL,
  `special_instruction` varchar(255) NOT NULL,
  `billing_address` varchar(255) NOT NULL,
  `payment_option` varchar(255) NOT NULL,
  `charge_amount` varchar(255) NOT NULL,
  `transaction_id` int(11) NOT NULL,
  `descriptor` varchar(11) NOT NULL,
  `dateandtime` date NOT NULL,
  `admin_id` int(11) NOT NULL,
  `deal_id` int(11) NOT NULL,
  `updated_at` datetime DEFAULT NULL,
  `created_at` datetime DEFAULT NULL
) ENGINE=InnoDB DEFAULT CHARSET=latin1;

--
-- Dumping data for table `payment_info`
--

INSERT INTO `payment_info` (`payment_info_id`, `payment_product`, `payment_mode`, `package_price`, `special_instruction`, `billing_address`, `payment_option`, `charge_amount`, `transaction_id`, `descriptor`, `dateandtime`, `admin_id`, `deal_id`, `updated_at`, `created_at`) VALUES
(1, 'something', 1, '2000', 'fragile', 'karachi', '', '', 12, 'adasadsa', '2019-03-26', 0, 1, NULL, '2019-03-26 11:11:28'),
(2, 'asdas', 2, '1231', 'sadasd', 'sadasdsa', '', '', 12, 'adasadsa', '2019-03-27', 0, 2, NULL, '2019-03-27 10:16:45'),
(3, 'ewqewq', 5, '323423', 'sadsad', 'sadsad', '', '', 12, 'adasadsa', '2019-03-27', 0, 3, NULL, '2019-03-27 11:32:38'),
(4, 'sdad', 4, '213123', 'sadasd', 'sadasd', '', '', 12, 'adasadsa', '2019-03-27', 0, 4, NULL, '2019-03-27 12:31:50'),
(5, 'sdasds', 3, '23332', 'sadsa', 'sdsdsf', '', '', 12, 'adasadsa', '2019-04-01', 0, 8, NULL, '2019-04-01 14:31:37'),
(6, 'sdsadas', 1, '2323423', 'sdsaads', 'dsfsaf', '', '', 12, 'adasadsa', '2019-04-06', 15, 11, NULL, '2019-04-06 16:46:19'),
(7, 'asasd', 1, '213123', 'zxzcxz', 'zxczxczx', '', '', 12, 'adasadsa', '2019-04-11', 15, 13, NULL, '2019-04-11 10:29:57'),
(8, 'asasd', 1, '213123', 'zxzcxz', 'zxczxczx', '', '', 12, 'adasadsa', '2019-04-11', 15, 14, NULL, '2019-04-11 10:35:16'),
(9, 'asasd', 3, '213123', 'zxzcxz', 'zxczxczx', '', '', 12, 'adasadsa', '2019-04-11', 15, 15, NULL, '2019-04-11 10:53:28'),
(10, 'asasd', 3, '213123', 'zxzcxz', 'zxczxczx', '', '', 12, 'adasadsa', '2019-04-11', 15, 16, NULL, '2019-04-11 10:59:05'),
(11, 'asasd', 3, '213123', 'zxzcxz', 'zxczxczx', '', '', 12, 'adasadsa', '2019-04-11', 15, 17, NULL, '2019-04-11 11:02:24');

-- --------------------------------------------------------

--
-- Table structure for table `payroll_runs`
--

CREATE TABLE `payroll_runs` (
  `payroll_run_id` int(11) NOT NULL,
  `payroll_run_date` timestamp NOT NULL DEFAULT CURRENT_TIMESTAMP ON UPDATE CURRENT_TIMESTAMP,
  `payroll_run_for_year` int(11) DEFAULT NULL,
  `payroll_run_for_month` int(11) DEFAULT NULL,
  `payroll_created_by` int(11) DEFAULT NULL,
  `sent_to_wps` tinyint(1) DEFAULT NULL,
  `updated_at` datetime DEFAULT NULL,
  `created_at` datetime DEFAULT NULL,
  `deleted_at` datetime DEFAULT NULL
) ENGINE=InnoDB DEFAULT CHARSET=latin1;

--
-- Dumping data for table `payroll_runs`
--

INSERT INTO `payroll_runs` (`payroll_run_id`, `payroll_run_date`, `payroll_run_for_year`, `payroll_run_for_month`, `payroll_created_by`, `sent_to_wps`, `updated_at`, `created_at`, `deleted_at`) VALUES
(1, '2017-03-20 00:00:00', 2017, 3, NULL, NULL, '2017-03-19 18:07:07', '2017-03-19 18:07:07', NULL),
(2, '2017-03-20 00:00:00', 2017, 3, NULL, NULL, '2017-03-19 18:09:00', '2017-03-19 18:09:00', NULL),
(3, '2017-03-20 00:00:00', 2017, 3, NULL, NULL, '2017-03-19 18:13:43', '2017-03-19 18:13:43', NULL),
(4, '2017-03-20 00:00:00', 2017, 3, NULL, NULL, '2017-03-19 18:14:45', '2017-03-19 18:14:45', NULL),
(5, '2017-03-20 00:00:00', 2017, 3, NULL, NULL, '2017-03-19 18:16:21', '2017-03-19 18:16:21', NULL),
(6, '2017-03-20 00:00:00', 2017, 3, NULL, NULL, '2017-03-19 18:16:30', '2017-03-19 18:16:30', NULL),
(7, '2017-03-20 00:00:00', 2017, 3, NULL, NULL, '2017-03-19 18:17:26', '2017-03-19 18:17:26', NULL),
(8, '2017-03-20 00:00:00', 2017, 3, NULL, NULL, '2017-03-19 18:18:34', '2017-03-19 18:18:34', NULL),
(9, '2017-04-09 00:00:00', 2017, 3, NULL, NULL, '2017-04-10 06:34:03', '2017-04-10 06:34:03', NULL),
(10, '2017-04-09 00:00:00', 2017, 3, NULL, NULL, '2017-04-10 06:36:13', '2017-04-10 06:36:13', NULL),
(11, '2017-04-09 00:00:00', 2017, 3, NULL, NULL, '2017-04-10 06:40:32', '2017-04-10 06:40:32', NULL),
(12, '2017-04-11 00:00:00', 2017, 4, NULL, NULL, '2017-04-12 10:44:26', '2017-04-12 10:44:26', NULL),
(13, '2017-04-11 00:00:00', 2017, 4, NULL, NULL, '2017-04-12 11:37:10', '2017-04-12 11:37:10', NULL),
(14, '2017-04-11 00:00:00', 2017, 4, NULL, NULL, '2017-04-12 11:38:11', '2017-04-12 11:38:11', NULL),
(15, '2017-04-11 00:00:00', 2017, 4, NULL, NULL, '2017-04-12 11:40:00', '2017-04-12 11:40:00', NULL),
(16, '2017-04-09 00:00:00', 2017, 4, NULL, NULL, '2017-04-12 12:10:18', '2017-04-12 12:10:18', NULL),
(17, '2017-04-09 00:00:00', 2017, 4, NULL, NULL, '2017-04-12 12:10:37', '2017-04-12 12:10:37', NULL),
(18, '2017-04-09 00:00:00', 2017, 4, NULL, NULL, '2017-04-12 12:11:13', '2017-04-12 12:11:13', NULL);

-- --------------------------------------------------------

--
-- Table structure for table `payroll_run_details`
--

CREATE TABLE `payroll_run_details` (
  `payroll_run_detail_id` int(11) NOT NULL,
  `payroll_run_id` int(11) DEFAULT NULL,
  `employee_user_id` int(11) DEFAULT NULL,
  `employee_base_salary` decimal(10,0) DEFAULT NULL,
  `employee_total_deductions` decimal(10,0) DEFAULT NULL,
  `employee_total_allowance` decimal(10,0) DEFAULT NULL,
  `employee_net_salary` decimal(10,0) DEFAULT NULL,
  `is_paid` tinyint(1) DEFAULT NULL,
  `updated_at` datetime DEFAULT NULL,
  `created_at` datetime DEFAULT NULL,
  `deleted_at` datetime DEFAULT NULL
) ENGINE=InnoDB DEFAULT CHARSET=latin1;

--
-- Dumping data for table `payroll_run_details`
--

INSERT INTO `payroll_run_details` (`payroll_run_detail_id`, `payroll_run_id`, `employee_user_id`, `employee_base_salary`, `employee_total_deductions`, `employee_total_allowance`, `employee_net_salary`, `is_paid`, `updated_at`, `created_at`, `deleted_at`) VALUES
(1, 1, 5, '0', '100', '500', '400', 0, '2017-03-19 18:07:07', '2017-03-19 18:07:07', NULL),
(2, 2, 5, '0', '100', '500', '400', 0, '2017-03-19 18:09:00', '2017-03-19 18:09:00', NULL),
(3, 3, 5, '0', '100', '500', '400', 0, '2017-03-19 18:13:43', '2017-03-19 18:13:43', NULL),
(4, 4, 5, '0', '100', '500', '400', 0, '2017-03-19 18:14:45', '2017-03-19 18:14:45', NULL),
(5, 5, 5, '0', '100', '500', '400', 0, '2017-03-19 18:16:21', '2017-03-19 18:16:21', NULL),
(6, 6, 5, '0', '100', '500', '400', 0, '2017-03-19 18:16:30', '2017-03-19 18:16:30', NULL),
(7, 7, 5, '0', '100', '500', '400', 0, '2017-03-19 18:17:26', '2017-03-19 18:17:26', NULL),
(8, 8, 5, '0', '100', '500', '400', 0, '2017-03-19 18:18:34', '2017-03-19 18:18:34', NULL),
(9, 8, 3, '0', '100', '500', '400', 0, '2017-03-19 18:18:34', '2017-03-19 18:18:34', NULL),
(10, 8, 2, '0', '100', '500', '400', 0, '2017-03-19 18:18:34', '2017-03-19 18:18:34', NULL),
(11, 11, 5, '0', '100', '500', '400', 0, '2017-04-10 06:40:32', '2017-04-10 06:40:32', NULL),
(12, 11, 3, '0', '100', '500', '400', 0, '2017-04-10 06:40:32', '2017-04-10 06:40:32', NULL),
(13, 11, 2, '0', '100', '500', '400', 0, '2017-04-10 06:40:32', '2017-04-10 06:40:32', NULL);

-- --------------------------------------------------------

--
-- Table structure for table `payroll_run_detail_items`
--

CREATE TABLE `payroll_run_detail_items` (
  `payroll_run_detail_item_id` int(11) NOT NULL,
  `payroll_run_item_description` varchar(255) DEFAULT NULL,
  `payroll_run_item_amount` decimal(10,0) DEFAULT NULL,
  `payroll_run_item_type` varchar(50) DEFAULT NULL,
  `payroll_run_detail_id` int(11) DEFAULT NULL,
  `updated_at` datetime DEFAULT NULL,
  `created_at` datetime DEFAULT NULL,
  `deleted_at` datetime DEFAULT NULL
) ENGINE=InnoDB DEFAULT CHARSET=latin1;

-- --------------------------------------------------------

--
-- Table structure for table `post_dated_cheques`
--

CREATE TABLE `post_dated_cheques` (
  `post_dated_cheque_id` int(11) NOT NULL,
  `cheque_no` varchar(50) DEFAULT NULL,
  `cheque_post_date` date NOT NULL,
  `cheque_amount` decimal(10,0) DEFAULT NULL,
  `received_by_user_id` int(11) DEFAULT NULL,
  `customer_id` int(11) DEFAULT NULL,
  `cheque_received_date` date NOT NULL,
  `note` text,
  `status` tinyint(4) DEFAULT '0',
  `updated_at` datetime DEFAULT NULL,
  `created_at` datetime DEFAULT NULL,
  `deleted_at` datetime DEFAULT NULL
) ENGINE=InnoDB DEFAULT CHARSET=latin1;

-- --------------------------------------------------------

--
-- Table structure for table `products`
--

CREATE TABLE `products` (
  `product_id` int(11) NOT NULL,
  `product_code` varchar(255) CHARACTER SET utf8 DEFAULT NULL,
  `product_name` varchar(255) CHARACTER SET utf8 DEFAULT NULL,
  `product_description` mediumtext,
  `currency_id` int(11) NOT NULL,
  `is_active` tinyint(1) DEFAULT NULL,
  `unit_of_measurement` int(11) DEFAULT NULL,
  `min_stock_quantity` int(11) DEFAULT NULL,
  `max_stock_quantity` int(11) DEFAULT NULL,
  `product_brand_id` int(11) DEFAULT NULL,
  `sellprice` decimal(10,0) DEFAULT NULL,
  `is_combo` tinyint(1) DEFAULT NULL,
  `tax_rate_id` int(11) DEFAULT NULL,
  `is_service` tinyint(1) DEFAULT NULL,
  `picture` varchar(255) DEFAULT NULL,
  `on_web` tinyint(4) DEFAULT NULL,
  `expiry_date` date DEFAULT NULL,
  `updated_at` datetime DEFAULT NULL,
  `created_at` datetime DEFAULT NULL,
  `deleted_at` datetime DEFAULT NULL,
  `manage_stock` tinyint(1) NOT NULL DEFAULT '0'
) ENGINE=InnoDB DEFAULT CHARSET=latin1;

--
-- Dumping data for table `products`
--

INSERT INTO `products` (`product_id`, `product_code`, `product_name`, `product_description`, `currency_id`, `is_active`, `unit_of_measurement`, `min_stock_quantity`, `max_stock_quantity`, `product_brand_id`, `sellprice`, `is_combo`, `tax_rate_id`, `is_service`, `picture`, `on_web`, `expiry_date`, `updated_at`, `created_at`, `deleted_at`, `manage_stock`) VALUES
(1, NULL, 'laptop', '                                                                                                                12                                                                                                        ', 3, NULL, NULL, NULL, NULL, NULL, '4000', NULL, NULL, NULL, NULL, NULL, NULL, '0000-00-00 00:00:00', '0000-00-00 00:00:00', NULL, 0),
(2, NULL, 'HeadLight', 'abc', 1, NULL, NULL, NULL, NULL, NULL, '4000', NULL, NULL, NULL, NULL, NULL, NULL, NULL, '0000-00-00 00:00:00', NULL, 0),
(5, NULL, 'check', '                                                        aaa                                                    ', 4, NULL, NULL, NULL, NULL, NULL, '4000', NULL, NULL, NULL, NULL, NULL, NULL, '0000-00-00 00:00:00', '0000-00-00 00:00:00', NULL, 0),
(9, NULL, 'Mobile', 'Q Mobile ', 6, NULL, NULL, NULL, NULL, NULL, '4000', NULL, NULL, NULL, NULL, NULL, NULL, NULL, '0000-00-00 00:00:00', NULL, 0),
(10, NULL, 'Bags', 'Canada product', 6, NULL, NULL, NULL, NULL, NULL, '2000', NULL, NULL, NULL, NULL, NULL, NULL, NULL, '0000-00-00 00:00:00', NULL, 0);

-- --------------------------------------------------------

--
-- Table structure for table `product_barcodes`
--

CREATE TABLE `product_barcodes` (
  `product_barcode_id` int(11) NOT NULL,
  `product_id` int(11) DEFAULT NULL,
  `barcode` varchar(255) CHARACTER SET utf8 DEFAULT NULL,
  `updated_at` datetime DEFAULT NULL,
  `created_at` datetime DEFAULT NULL,
  `deleted_at` datetime DEFAULT NULL
) ENGINE=InnoDB DEFAULT CHARSET=latin1;

-- --------------------------------------------------------

--
-- Table structure for table `product_brands`
--

CREATE TABLE `product_brands` (
  `product_brand_id` int(11) NOT NULL,
  `brand_name` varchar(50) DEFAULT NULL,
  `updated_at` datetime DEFAULT NULL,
  `created_at` datetime DEFAULT NULL,
  `deleted_at` datetime DEFAULT NULL
) ENGINE=InnoDB DEFAULT CHARSET=latin1;

--
-- Dumping data for table `product_brands`
--

INSERT INTO `product_brands` (`product_brand_id`, `brand_name`, `updated_at`, `created_at`, `deleted_at`) VALUES
(1, 'Pacific High-Technologies Inc.', '2017-02-14 17:09:13', '1984-07-27 06:05:42', NULL),
(2, 'Smart High-Technologies Inc.', '1970-01-01 00:05:10', '1970-01-01 04:40:44', NULL),
(3, 'Beyond I-Mobile Inc.', '1999-11-13 03:50:47', '1983-11-16 17:31:58', NULL),
(4, 'Home Data Inc.', '1979-07-15 22:22:37', '1970-01-01 04:49:26', NULL),
(5, 'Advanced Space Research Corporation', '1970-01-01 02:16:22', '2004-03-08 20:59:33', NULL),
(6, 'West M-Mobile Group', '1978-08-25 07:04:27', '1970-01-01 08:53:44', NULL),
(7, 'Flexible Materials Corp.', '1993-01-02 02:19:26', '1970-01-01 00:00:27', NULL),
(8, 'International Nuclear Power Corporation', '1987-05-16 07:10:41', '1970-01-01 00:58:52', NULL),
(9, 'Special Space Research Group', '1979-10-11 01:13:51', '1975-05-29 22:22:34', NULL),
(10, 'Professional Fossil Fuel Energy Co.', '1982-06-17 12:34:26', '1976-02-18 18:15:58', NULL),
(11, 'Canadian Financial Corporation', '2014-01-06 13:14:42', '1977-05-12 09:02:19', NULL),
(12, 'WorldWide High-Technologies Group', '1985-01-08 09:53:03', '1987-05-11 14:08:55', NULL),
(13, 'Canadian High-Technologies Co.', '1989-01-05 21:57:51', '1987-02-15 13:55:31', NULL),
(14, 'Special Petroleum Co.', '1970-01-01 00:00:04', '1985-09-23 04:09:42', NULL),
(15, 'Pacific Goods Co.', '1988-10-13 12:33:48', '1984-05-02 10:00:38', NULL),
(16, 'Australian Cars Inc.', '1996-09-09 07:55:50', '1970-01-01 00:00:15', NULL),
(17, 'General Mining Corporation', '1970-01-02 01:01:41', '1981-12-31 16:18:45', NULL),
(18, 'Home Z-Mobile Group', '1970-01-01 00:00:01', '1987-01-04 19:26:32', NULL),
(19, 'Special Mobile Co.', '2013-07-27 17:20:33', '1978-09-24 15:43:53', NULL),
(20, 'Pacific Industry Group', '1977-12-26 11:39:06', '1973-01-11 00:18:15', NULL),
(21, 'General Space Research Inc.', '2002-07-03 19:37:00', '1970-01-06 23:18:34', NULL),
(22, 'Domestic A-Mobile Inc.', '1978-01-17 13:47:29', '1982-01-14 18:18:38', NULL),
(23, 'Professional Products Corporation', '1995-01-21 18:25:41', '1976-12-29 13:50:16', NULL),
(24, 'National Systems Inc.', '1976-06-16 22:54:18', '1983-02-25 20:09:02', NULL),
(25, 'Domestic Natural Gas Resources Group', '1990-03-28 00:00:35', '1975-06-30 01:03:00', NULL),
(26, 'Western Explore Corporation', '1989-04-01 01:12:10', '1979-11-02 11:09:27', NULL),
(27, 'Australian High-Technologies Co.', '1994-07-19 16:39:47', '1970-01-01 00:01:30', NULL),
(28, 'Advanced Computers Corp.', '2000-03-28 18:49:39', '2010-12-02 03:16:01', NULL),
(29, 'United Cars Corporation', '1970-01-01 00:00:01', '1980-02-05 02:39:15', NULL),
(30, 'Domestic Consulting Corporation', '1978-04-23 08:34:52', '1976-04-11 14:39:52', NULL),
(31, 'Global 5G Wireless Corporation', '1976-10-05 01:25:42', '1970-01-01 00:01:02', NULL),
(32, 'Special Products Inc.', '1981-05-19 07:53:02', '1978-05-15 23:09:51', NULL),
(33, 'City High-Technologies Corporation', '1979-10-21 02:22:45', '1975-06-13 17:36:57', NULL),
(34, 'Smart Devices Inc.', '1999-03-21 04:49:58', '1970-01-01 00:00:10', NULL),
(35, 'South Health Corporation', '2014-07-14 23:15:00', '1970-01-09 12:11:46', NULL),
(36, 'Creative Delivery Group', '1978-07-17 05:42:04', '1976-05-17 13:50:24', NULL),
(37, 'General High-Technologies Corporation', '1998-05-24 06:07:56', '1984-09-18 13:57:57', NULL),
(38, 'Professional Space Explore Inc.', '1970-01-01 00:43:06', '1970-01-01 00:55:33', NULL),
(39, 'South Space Explore Inc.', '1998-01-31 03:46:08', '1987-10-18 06:10:17', NULL),
(40, 'Creative N-Mobile Co.', '2003-07-17 04:19:03', '1979-10-28 18:49:05', NULL),
(41, 'Pacific Green Energy Group', '2002-06-27 13:44:28', '1979-02-23 17:53:56', NULL),
(42, 'Global Space Research Group', '1985-02-11 05:28:29', '1977-01-01 11:06:29', NULL),
(43, 'Creative Foods Group', '1987-05-26 22:42:18', '2002-12-17 11:56:47', NULL),
(44, 'Flexible Entertainment Co.', '1984-05-06 00:06:16', '1970-01-01 00:01:33', NULL),
(45, 'International Space Research Inc.', '1980-02-09 22:10:13', '1977-05-16 13:38:46', NULL),
(46, 'General Materials Corporation', '1976-11-01 06:46:04', '1978-02-01 21:22:48', NULL),
(47, 'Union Wave Power Group', '1970-01-01 11:29:08', '2005-06-24 23:33:31', NULL),
(48, 'East Services Group', '2001-05-21 18:40:37', '1979-06-20 01:06:52', NULL),
(49, 'First Mobile Group', '1970-01-01 16:54:13', '1975-08-15 14:33:16', NULL),
(50, 'Creative Data Corp.', '1975-08-16 19:47:41', '2015-08-09 09:38:57', NULL),
(51, 'Global Laboratories Inc.', '1977-03-12 20:09:19', '2008-01-13 05:56:54', NULL),
(52, 'Canadian E-Mobile Inc.', '2012-06-20 14:47:56', '1970-01-01 17:37:28', NULL),
(53, 'Flexible R-Mobile Corporation', '1970-01-01 00:01:22', '1976-02-04 19:08:55', NULL),
(54, 'South Wind Resources Inc.', '1982-09-18 18:13:54', '1970-01-01 00:00:02', NULL),
(55, 'First Space Research Co.', '1970-01-01 00:01:32', '1988-11-30 00:30:15', NULL),
(56, 'South High-Technologies Group', '1970-01-01 01:37:46', '1982-01-07 18:04:11', NULL),
(57, 'East High-Technologies Inc.', '1970-01-11 10:16:08', '1980-09-22 14:47:06', NULL),
(58, 'South High-Technologies Corp.', '2010-02-20 16:49:53', '1970-01-09 05:54:40', NULL),
(59, 'General Semiconductor Corporation', '2002-11-22 21:53:31', '2010-09-15 18:57:37', NULL),
(60, 'American Thermal Power Group', '1976-10-22 21:27:55', '1970-01-01 00:14:41', NULL),
(61, 'East 3G Wireless Corporation', '1981-02-09 17:07:28', '1970-01-01 00:58:03', NULL),
(62, 'Canadian Oil Group', '2009-08-21 18:20:53', '1977-05-23 08:28:46', NULL),
(63, 'International R-Mobile Corporation', '1992-03-30 01:04:38', '1987-06-19 22:35:34', NULL),
(64, 'Beyond Space Research Inc.', '1979-04-11 15:25:27', '1975-04-26 08:02:13', NULL),
(65, 'Future Investment Corp.', '1982-08-02 11:10:01', '1975-07-02 07:30:26', NULL),
(66, 'Home Cars Battery Inc.', '1970-01-01 00:07:17', '1970-01-05 15:07:10', NULL),
(67, 'General Technologies Inc.', '1981-04-29 15:55:45', '1976-03-13 12:38:01', NULL),
(68, 'Domestic Broadcasting Group', '1981-07-20 10:19:15', '1993-06-30 14:31:47', NULL),
(69, 'Advanced High-Technologies Inc.', '1983-01-10 14:25:46', '1970-01-01 00:00:55', NULL),
(70, 'South Services Inc.', '1983-01-30 13:53:13', '1999-11-12 18:45:21', NULL),
(71, 'Western Technologies Co.', '1975-08-28 17:46:11', '2008-02-28 10:48:12', NULL),
(72, 'Australian Telecommunications Corporation', '1982-07-21 11:42:00', '1970-01-01 00:00:53', NULL),
(73, 'Future Research Inc.', '1981-11-04 20:10:12', '1982-02-01 21:16:03', NULL),
(74, 'Flexible Space Explore Corporation', '1987-08-31 02:31:04', '1976-01-04 00:02:52', NULL),
(75, 'Professional C-Mobile Corporation', '1980-10-11 11:33:33', '2013-10-09 04:16:37', NULL),
(76, 'Global B-Mobile Group', '1981-11-19 23:06:41', '1981-02-19 21:22:50', NULL),
(77, 'Professional 2G Wireless Inc.', '1977-05-12 10:36:42', '1970-01-01 00:13:26', NULL),
(78, 'Future Computers Corporation', '1976-05-18 11:08:49', '1982-12-23 01:45:57', NULL),
(79, 'Pacific High-Technologies Group', '1970-01-01 00:00:23', '1982-02-15 00:05:09', NULL),
(80, 'Future Green Power Corporation', '1970-01-01 02:18:03', '1977-12-30 14:56:58', NULL),
(81, 'Federal 4G Wireless Inc.', '1977-07-23 15:30:39', '1979-08-06 07:24:21', NULL),
(82, 'Federal Space Research Co.', '1978-12-20 13:52:28', '1980-12-18 10:03:00', NULL),
(83, 'United W-Mobile Inc.', '1982-07-19 03:56:29', '1970-01-01 00:00:53', NULL),
(84, 'American Mobile Group', '2003-06-18 23:09:37', '1976-12-10 07:55:40', NULL),
(85, 'United Petroleum Corporation', '1981-07-31 18:06:16', '1996-12-27 02:13:22', NULL),
(86, 'Creative Space Explore Inc.', '2013-07-13 03:00:22', '1977-07-30 21:08:23', NULL),
(87, 'Global Management Inc.', '1996-01-12 23:46:28', '2002-11-08 06:12:28', NULL),
(88, 'Flexible Space Research Co.', '1970-01-01 00:00:52', '1970-01-01 00:00:03', NULL),
(89, 'East Products Inc.', '1976-01-27 23:02:23', '1975-01-01 11:19:53', NULL),
(90, 'Federal High-Technologies Inc.', '1970-01-01 00:00:10', '1970-01-01 02:07:15', NULL),
(91, 'City Broadcasting Co.', '1980-03-06 12:13:43', '2001-09-01 09:37:48', NULL),
(92, 'Smart T-Mobile Inc.', '2004-05-16 09:16:25', '1970-01-01 00:01:26', NULL),
(93, 'General High-Technologies Group', '1994-07-05 23:53:22', '1970-01-01 00:00:02', NULL),
(94, 'Federal High-Technologies Corporation', '1979-10-16 08:38:24', '1978-05-05 09:49:15', NULL),
(95, 'Flexible 3G Wireless Inc.', '1981-11-07 10:39:19', '1970-01-01 00:01:36', NULL),
(96, 'National Space Explore Group', '1976-09-11 09:45:50', '1995-09-28 01:16:51', NULL),
(97, 'United Materials Corporation', '1970-01-01 02:45:51', '1970-01-01 00:00:10', NULL),
(98, 'Future V-Mobile Inc.', '1990-05-29 04:52:50', '1992-07-08 07:58:53', NULL),
(99, 'WorldWide C-Mobile Inc.', '1970-01-01 00:01:07', '1970-01-01 00:00:06', NULL),
(100, 'North Space Explore Inc.', '1978-04-12 03:53:01', '1982-12-15 12:08:06', NULL),
(101, 'Pacific High-Technologies Inc. 2', '2017-02-14 17:08:35', '2017-02-14 17:07:55', '2017-02-14 17:08:35'),
(102, 'B1', '2017-03-16 05:21:23', '2017-02-14 17:09:19', '2017-03-16 05:21:23'),
(103, 'B123', '2017-03-16 05:21:15', '2017-03-16 05:21:02', '2017-03-16 05:21:15');

-- --------------------------------------------------------

--
-- Table structure for table `product_categories`
--

CREATE TABLE `product_categories` (
  `product_category_id` int(11) NOT NULL,
  `product_id` int(11) DEFAULT NULL,
  `category_id` int(11) DEFAULT NULL,
  `created_at` datetime DEFAULT NULL,
  `updated_at` datetime DEFAULT NULL,
  `deleted_at` datetime DEFAULT NULL
) ENGINE=InnoDB DEFAULT CHARSET=latin1;

--
-- Dumping data for table `product_categories`
--

INSERT INTO `product_categories` (`product_category_id`, `product_id`, `category_id`, `created_at`, `updated_at`, `deleted_at`) VALUES
(1, 38, 1, '2017-02-16 11:54:58', '2017-02-16 11:54:58', NULL),
(4, 41, NULL, '2017-03-20 11:05:59', '2017-03-20 11:05:59', NULL),
(5, 1, 2, '2017-03-20 12:08:17', '2017-03-20 12:08:17', NULL),
(6, 44, 1, '2017-04-16 06:51:25', '2017-04-16 06:51:25', NULL);

-- --------------------------------------------------------

--
-- Table structure for table `product_combos`
--

CREATE TABLE `product_combos` (
  `product_combo_id` int(11) NOT NULL,
  `related_product_id` int(11) DEFAULT NULL,
  `product_id` int(11) DEFAULT NULL,
  `related_product_quantity` decimal(10,5) DEFAULT NULL,
  `created_at` datetime DEFAULT NULL,
  `updated_at` datetime DEFAULT NULL,
  `deleted_at` datetime DEFAULT NULL
) ENGINE=InnoDB DEFAULT CHARSET=latin1;

-- --------------------------------------------------------

--
-- Table structure for table `product_locations`
--

CREATE TABLE `product_locations` (
  `product_location_id` int(11) NOT NULL,
  `product_id` int(11) DEFAULT NULL,
  `warehouse_id` int(11) DEFAULT NULL,
  `quantity` decimal(10,2) DEFAULT NULL,
  `created_at` datetime DEFAULT NULL,
  `updated_at` datetime DEFAULT NULL,
  `deleted_at` datetime DEFAULT NULL
) ENGINE=InnoDB DEFAULT CHARSET=latin1;

--
-- Dumping data for table `product_locations`
--

INSERT INTO `product_locations` (`product_location_id`, `product_id`, `warehouse_id`, `quantity`, `created_at`, `updated_at`, `deleted_at`) VALUES
(16, 38, 1, '-14.00', '2017-02-16 11:54:58', '2018-02-05 09:40:58', NULL),
(18, 39, 3, '50.00', '2017-03-08 05:44:51', '2017-03-08 07:26:56', NULL),
(19, 1, 2, '-55.00', '2017-03-20 12:08:17', '2017-03-20 12:08:17', NULL),
(20, 1, 17, '40.00', '2017-03-20 12:08:17', '2017-03-20 13:04:41', NULL),
(21, 1, 14, '10.00', '2017-03-20 13:04:41', '2017-03-20 13:04:41', NULL),
(22, 40, 7, '10.00', '2017-04-14 14:14:56', '2017-04-14 14:14:56', NULL),
(24, 44, 1, '40.00', '2017-04-16 06:51:25', '2018-02-05 09:40:58', NULL),
(25, 43, 1, '-2.00', '2017-04-20 04:22:52', '2018-02-05 09:40:58', NULL),
(26, 48, 1, '64.00', '2018-01-24 07:08:42', '2018-02-05 09:40:58', NULL),
(27, 4, 2, '15.00', '2019-01-22 12:24:03', '2019-01-22 14:47:23', NULL),
(28, 4, 1, '10.00', '2019-01-22 12:24:03', '2019-01-22 14:47:23', NULL),
(30, 6, 4, '5.00', '2019-01-22 14:54:47', '2019-01-22 15:17:08', NULL),
(31, 6, 5, '10.00', '2019-01-22 14:54:47', '2019-01-22 15:17:08', NULL),
(33, 6, 7, '1200.00', '2019-01-22 15:17:08', NULL, NULL);

-- --------------------------------------------------------

--
-- Table structure for table `product_recipes`
--

CREATE TABLE `product_recipes` (
  `product_recipe_id` int(11) NOT NULL,
  `product_id` int(11) DEFAULT NULL,
  `related_product_id` int(11) DEFAULT NULL,
  `related_product_quantity` decimal(10,4) DEFAULT NULL,
  `related_product_uom_id` int(11) DEFAULT NULL,
  `created_at` datetime DEFAULT NULL,
  `updated_at` datetime DEFAULT NULL,
  `deleted_at` datetime DEFAULT NULL
) ENGINE=InnoDB DEFAULT CHARSET=latin1;

-- --------------------------------------------------------

--
-- Table structure for table `product_suppliers`
--

CREATE TABLE `product_suppliers` (
  `product_supplier_id` int(11) NOT NULL,
  `product_id` int(11) DEFAULT NULL,
  `supplier_id` int(11) DEFAULT NULL,
  `cost_price` decimal(10,2) DEFAULT NULL,
  `is_default` tinyint(1) DEFAULT NULL,
  `created_at` datetime DEFAULT NULL,
  `updated_at` datetime DEFAULT NULL,
  `deleted_at` datetime DEFAULT NULL
) ENGINE=InnoDB DEFAULT CHARSET=latin1;

--
-- Dumping data for table `product_suppliers`
--

INSERT INTO `product_suppliers` (`product_supplier_id`, `product_id`, `supplier_id`, `cost_price`, `is_default`, `created_at`, `updated_at`, `deleted_at`) VALUES
(9, 38, 240, '32.00', 1, '2017-02-16 11:54:58', '2017-02-16 11:54:58', NULL),
(11, 39, 73, '50.00', 1, '2017-03-08 05:44:51', '2017-03-08 05:44:51', NULL),
(12, 1, 240, '33.00', 1, '2017-03-20 12:08:17', '2017-03-20 12:08:17', NULL),
(13, 1, 1014, '55.00', 0, '2017-03-20 12:08:17', '2017-03-20 12:08:17', NULL),
(14, 40, 1009, '10.00', 0, '2017-04-14 14:14:56', '2017-04-14 14:14:56', NULL),
(15, 44, 1009, '80.00', 1, '2017-04-16 06:51:25', '2017-04-16 06:51:25', NULL),
(16, 43, 1016, '50.00', 1, '2017-04-20 04:22:52', '2017-04-20 04:22:52', NULL),
(17, 48, 1, '3000.00', 1, '2018-01-24 07:08:42', '2018-01-24 07:08:42', NULL),
(18, 4, 1, '1200.00', NULL, '2019-01-22 12:24:03', '2019-01-22 14:47:23', NULL),
(22, 6, 1, '30000.00', NULL, '2019-01-22 14:54:47', '2019-01-22 15:17:08', NULL),
(23, 6, 2, '12000.00', NULL, '2019-01-22 15:12:54', '2019-01-22 15:17:08', NULL),
(24, 7, 2, '300.00', NULL, '2019-02-04 11:50:28', NULL, NULL),
(25, 8, 3, '1000.00', NULL, '2019-02-16 14:59:38', NULL, NULL),
(26, 10, 3, '23123.00', NULL, '2019-03-01 11:08:11', '2019-03-02 18:03:02', NULL);

-- --------------------------------------------------------

--
-- Table structure for table `purchase_invoices`
--

CREATE TABLE `purchase_invoices` (
  `purchase_invoice_id` int(11) NOT NULL,
  `supplier_id` int(11) DEFAULT NULL,
  `from_purchase_order_id` int(11) DEFAULT NULL,
  `invoice_entered_by_user_id` int(11) DEFAULT NULL,
  `inv_no` varchar(255) DEFAULT NULL,
  `inv_date` varchar(255) DEFAULT NULL,
  `customer_id` varchar(255) DEFAULT NULL,
  `job_order_id` varchar(255) DEFAULT NULL,
  `us_pkr` varchar(255) DEFAULT NULL,
  `sale_sqm` varchar(255) DEFAULT NULL,
  `combo_sale_combo` varchar(255) DEFAULT NULL,
  `note_print_on_invoice` text,
  `remarks` text,
  `tax` varchar(255) DEFAULT NULL,
  `discount` varchar(255) DEFAULT NULL,
  `sub_total` varchar(255) DEFAULT NULL,
  `updated_at` datetime DEFAULT NULL,
  `created_at` datetime DEFAULT NULL,
  `deleted_at` datetime DEFAULT NULL
) ENGINE=InnoDB DEFAULT CHARSET=latin1;

--
-- Dumping data for table `purchase_invoices`
--

INSERT INTO `purchase_invoices` (`purchase_invoice_id`, `supplier_id`, `from_purchase_order_id`, `invoice_entered_by_user_id`, `inv_no`, `inv_date`, `customer_id`, `job_order_id`, `us_pkr`, `sale_sqm`, `combo_sale_combo`, `note_print_on_invoice`, `remarks`, `tax`, `discount`, `sub_total`, `updated_at`, `created_at`, `deleted_at`) VALUES
(1, 1, 1, 1, '123', '2019-01-25', '1', '2', '5', 'dfgfdg', 'Combo Sale SQM', 'abc', 'Remarks', '5', '5', NULL, NULL, '2019-01-19 17:15:04', NULL),
(2, 1, 2, 1, '11', '2019-01-08', '1', '3', '5', '12', '12', 'abc', '', '5', '10', '4800', NULL, '2019-01-21 16:56:17', NULL),
(3, 1, 4, 18, '11', '2019-02-11', '1', '2', '4', '12', '12', 'abc', 'abc', '5', '5', '600', NULL, '2019-02-04 11:53:24', NULL);

-- --------------------------------------------------------

--
-- Table structure for table `purchase_invoice_items`
--

CREATE TABLE `purchase_invoice_items` (
  `purchase_invoice_item_id` int(11) NOT NULL,
  `product_id` int(11) DEFAULT NULL,
  `product_description` varchar(255) NOT NULL,
  `product_quantity` int(11) DEFAULT NULL,
  `unit_price` decimal(10,2) DEFAULT NULL,
  `line_total` decimal(10,2) DEFAULT NULL,
  `line_total_without_tax` decimal(10,0) DEFAULT NULL,
  `line_total_tax` decimal(10,0) DEFAULT NULL,
  `purchase_invoice_id` int(11) NOT NULL,
  `updated_at` datetime DEFAULT NULL,
  `created_at` datetime DEFAULT NULL,
  `deleted_at` datetime DEFAULT NULL
) ENGINE=InnoDB DEFAULT CHARSET=latin1;

--
-- Dumping data for table `purchase_invoice_items`
--

INSERT INTO `purchase_invoice_items` (`purchase_invoice_item_id`, `product_id`, `product_description`, `product_quantity`, `unit_price`, `line_total`, `line_total_without_tax`, `line_total_tax`, `purchase_invoice_id`, `updated_at`, `created_at`, `deleted_at`) VALUES
(1, 1, 'hello', 2, '1200.00', '2400.00', NULL, NULL, 1, NULL, '2019-01-19 17:15:04', NULL),
(2, 1, '3332', 4, '1200.00', '4800.00', NULL, NULL, 2, NULL, '2019-01-21 16:56:17', NULL),
(3, 7, '34', 3, '200.00', '600.00', NULL, NULL, 3, NULL, '2019-02-04 11:53:24', NULL);

-- --------------------------------------------------------

--
-- Table structure for table `purchase_invoice_payments`
--

CREATE TABLE `purchase_invoice_payments` (
  `purchase_invoice_payment_id` int(11) NOT NULL,
  `payment_date` date NOT NULL,
  `payment_entered_by_user_id` int(11) DEFAULT NULL,
  `payment_amount` decimal(10,2) DEFAULT NULL,
  `purchase_invoice_id` int(11) NOT NULL,
  `amount_posted_date` date DEFAULT NULL,
  `note` text,
  `updated_at` datetime DEFAULT NULL,
  `created_at` datetime DEFAULT NULL,
  `deleted_at` datetime DEFAULT NULL,
  `payment_method` varchar(255) DEFAULT NULL
) ENGINE=InnoDB DEFAULT CHARSET=latin1;

--
-- Dumping data for table `purchase_invoice_payments`
--

INSERT INTO `purchase_invoice_payments` (`purchase_invoice_payment_id`, `payment_date`, `payment_entered_by_user_id`, `payment_amount`, `purchase_invoice_id`, `amount_posted_date`, `note`, `updated_at`, `created_at`, `deleted_at`, `payment_method`) VALUES
(1, '2017-03-10', 1, '50.00', 1, NULL, NULL, '2017-03-11 05:18:07', '2017-03-11 05:18:07', NULL, 'Cash'),
(2, '2017-03-10', 1, '3000.00', 1, NULL, NULL, '2017-03-11 05:18:31', '2017-03-11 05:18:31', NULL, 'Cheque'),
(3, '2017-03-17', 1, '50.00', 1, NULL, 'test', '2017-03-18 09:12:08', '2017-03-18 09:12:08', NULL, 'Cash'),
(4, '2019-01-16', 1, '200.00', 2, NULL, 'abc', NULL, '0000-00-00 00:00:00', NULL, 'Bank Transfer'),
(5, '2019-01-09', 1, '20000.00', 2, NULL, 'abc', NULL, '0000-00-00 00:00:00', NULL, 'Bank Transfer'),
(6, '2019-02-08', 18, '200.00', 2, NULL, 'abc', NULL, '0000-00-00 00:00:00', NULL, 'Cash');

-- --------------------------------------------------------

--
-- Table structure for table `purchase_invoice_returns`
--

CREATE TABLE `purchase_invoice_returns` (
  `purchase_invoice_return_id` int(11) NOT NULL,
  `purchase_invoice_id` int(11) NOT NULL,
  `purchase_return_total_amount` decimal(8,2) NOT NULL,
  `purchase_return_by` int(11) NOT NULL,
  `purchase_return_date` date NOT NULL,
  `notes` text,
  `created_at` datetime DEFAULT NULL,
  `updated_at` datetime DEFAULT NULL,
  `deleted_at` datetime DEFAULT NULL
) ENGINE=InnoDB DEFAULT CHARSET=latin1;

--
-- Dumping data for table `purchase_invoice_returns`
--

INSERT INTO `purchase_invoice_returns` (`purchase_invoice_return_id`, `purchase_invoice_id`, `purchase_return_total_amount`, `purchase_return_by`, `purchase_return_date`, `notes`, `created_at`, `updated_at`, `deleted_at`) VALUES
(15, 1, '2650.00', 1, '2017-03-10', 'test', '2017-03-11 09:15:42', '2017-03-11 09:15:42', NULL),
(17, 1, '650.00', 1, '2017-03-20', 'test', '2017-03-19 15:04:29', '2017-03-19 15:04:29', NULL),
(18, 1, '650.00', 1, '2017-03-20', 'test', '2017-03-19 15:04:47', '2017-03-19 15:04:47', NULL),
(19, 1, '650.00', 1, '2017-03-20', 'test', '2017-03-19 15:11:59', '2017-03-19 15:11:59', NULL),
(20, 1, '650.00', 1, '2017-03-20', 'test', '2017-03-19 15:14:15', '2017-03-19 15:14:15', NULL);

-- --------------------------------------------------------

--
-- Table structure for table `purchase_invoice_return_items`
--

CREATE TABLE `purchase_invoice_return_items` (
  `purchase_invoice_return_item_id` int(11) NOT NULL,
  `purchase_invoice_return_id` int(11) NOT NULL,
  `purchase_invoice_item_id` int(11) NOT NULL,
  `return_amount` decimal(8,2) DEFAULT NULL,
  `return_qty` decimal(10,2) DEFAULT NULL,
  `created_at` datetime DEFAULT NULL,
  `updated_at` datetime DEFAULT NULL,
  `deleted_at` datetime DEFAULT NULL
) ENGINE=InnoDB DEFAULT CHARSET=latin1;

--
-- Dumping data for table `purchase_invoice_return_items`
--

INSERT INTO `purchase_invoice_return_items` (`purchase_invoice_return_item_id`, `purchase_invoice_return_id`, `purchase_invoice_item_id`, `return_amount`, `return_qty`, `created_at`, `updated_at`, `deleted_at`) VALUES
(16, 15, 1, '1000.00', '20.00', '2017-03-11 09:15:42', '2017-03-11 09:15:42', NULL),
(19, 17, 1, '320.00', '10.00', '2017-03-19 15:04:29', '2017-03-19 15:04:29', NULL),
(20, 17, 2, '330.00', '10.00', '2017-03-19 15:04:29', '2017-03-19 15:04:29', NULL),
(21, 18, 1, '320.00', '10.00', '2017-03-19 15:04:47', '2017-03-19 15:04:47', NULL),
(22, 18, 2, '330.00', '10.00', '2017-03-19 15:04:47', '2017-03-19 15:04:47', NULL),
(23, 19, 1, '320.00', '10.00', '2017-03-19 15:11:59', '2017-03-19 15:11:59', NULL),
(24, 19, 2, '330.00', '10.00', '2017-03-19 15:11:59', '2017-03-19 15:11:59', NULL),
(25, 20, 1, '320.00', '10.00', '2017-03-19 15:14:15', '2017-03-19 15:14:15', NULL),
(26, 20, 2, '330.00', '10.00', '2017-03-19 15:14:15', '2017-03-19 15:14:15', NULL);

-- --------------------------------------------------------

--
-- Table structure for table `purchase_orders`
--

CREATE TABLE `purchase_orders` (
  `purchase_order_id` int(11) NOT NULL,
  `purchase_order_made_by_user_id` int(11) DEFAULT NULL,
  `purchase_order_reference` varchar(50) DEFAULT NULL,
  `warehouse_id` int(11) DEFAULT NULL,
  `supplier_id` int(11) DEFAULT NULL,
  `job_order_id` varchar(255) DEFAULT NULL,
  `remarks` varchar(255) DEFAULT NULL,
  `tax` varchar(255) DEFAULT NULL,
  `shipping_method` varchar(255) DEFAULT NULL,
  `payment_terms` varchar(255) DEFAULT NULL,
  `deliverydate` varchar(255) DEFAULT NULL,
  `total_amount` varchar(255) NOT NULL DEFAULT '0',
  `is_purchase_invoice` int(11) NOT NULL DEFAULT '0',
  `delivery_address` varchar(255) DEFAULT NULL,
  `updated_at` datetime DEFAULT NULL,
  `created_at` datetime DEFAULT NULL,
  `deleted_at` datetime DEFAULT NULL
) ENGINE=InnoDB DEFAULT CHARSET=latin1;

--
-- Dumping data for table `purchase_orders`
--

INSERT INTO `purchase_orders` (`purchase_order_id`, `purchase_order_made_by_user_id`, `purchase_order_reference`, `warehouse_id`, `supplier_id`, `job_order_id`, `remarks`, `tax`, `shipping_method`, `payment_terms`, `deliverydate`, `total_amount`, `is_purchase_invoice`, `delivery_address`, `updated_at`, `created_at`, `deleted_at`) VALUES
(1, 1, '4444', NULL, 1, '1', 'daas', 'adssa', 'dsadsa', 'sada', '2019-01-19', '3', 1, NULL, NULL, '2019-01-19 00:00:00', NULL),
(2, 1, 'dsf', NULL, 1, '1', 'Remarks', '5', 'cash', 'payment Terms', '2019-01-24', '2400', 1, NULL, NULL, '2019-01-16 00:00:00', NULL),
(3, 1, '12', NULL, 2, '3', '12', '5', 'Shipping Method 3', 'Payment Terms', '2019-01-23', '2400', 0, NULL, NULL, '2019-01-07 00:00:00', NULL),
(4, 18, '11', NULL, 2, '1', 'abc', '5', 'cash', 'abc', '2019-02-21', '400', 1, NULL, NULL, '2019-02-12 00:00:00', NULL),
(5, 18, '2132112', NULL, 3, '6', 'sSasAaA', '5', 'ASSADSA', 'SDADADASDAS', '2019-03-01', '100', 0, NULL, NULL, '2019-03-01 00:00:00', NULL);

-- --------------------------------------------------------

--
-- Table structure for table `purchase_order_items`
--

CREATE TABLE `purchase_order_items` (
  `purchase_order_item_id` int(11) NOT NULL,
  `product_id` int(11) DEFAULT NULL,
  `product_description` varchar(255) DEFAULT NULL,
  `ordered_quantity` int(11) DEFAULT NULL,
  `product_unit_price` decimal(10,0) DEFAULT NULL,
  `line_item_total_price` decimal(10,0) DEFAULT NULL,
  `purchase_order_id` int(11) NOT NULL,
  `updated_at` datetime DEFAULT NULL,
  `created_at` datetime DEFAULT NULL,
  `deleted_at` datetime DEFAULT NULL
) ENGINE=InnoDB DEFAULT CHARSET=latin1;

--
-- Dumping data for table `purchase_order_items`
--

INSERT INTO `purchase_order_items` (`purchase_order_item_id`, `product_id`, `product_description`, `ordered_quantity`, `product_unit_price`, `line_item_total_price`, `purchase_order_id`, `updated_at`, `created_at`, `deleted_at`) VALUES
(1, 1, 'test', 1, '3', '3', 1, NULL, '2019-01-19 16:31:15', NULL),
(2, 1, '3332', 2, '1200', '2400', 2, NULL, '2019-01-19 17:09:42', NULL),
(3, 1, '12', 2, '1200', '2400', 3, NULL, '2019-01-28 15:04:55', NULL),
(4, 7, '200', 2, '200', '400', 4, NULL, '2019-02-04 11:52:20', NULL),
(5, 9, 'asdad', 1, '100', '100', 5, NULL, '2019-03-01 11:48:56', NULL);

-- --------------------------------------------------------

--
-- Table structure for table `region`
--

CREATE TABLE `region` (
  `region_id` int(11) NOT NULL,
  `region_name` varchar(50) CHARACTER SET utf8 DEFAULT NULL,
  `updated_at` datetime DEFAULT NULL,
  `created_at` datetime DEFAULT NULL,
  `deleted_at` datetime DEFAULT NULL
) ENGINE=InnoDB DEFAULT CHARSET=latin1;

--
-- Dumping data for table `region`
--

INSERT INTO `region` (`region_id`, `region_name`, `updated_at`, `created_at`, `deleted_at`) VALUES
(1, 'Canada', '0000-00-00 00:00:00', '0000-00-00 00:00:00', NULL),
(3, 'Austrailia', NULL, '0000-00-00 00:00:00', NULL),
(4, 'USA', NULL, '0000-00-00 00:00:00', NULL);

-- --------------------------------------------------------

--
-- Table structure for table `reports`
--

CREATE TABLE `reports` (
  `report_id` int(11) NOT NULL,
  `report_name` varchar(50) DEFAULT NULL,
  `category` varchar(50) DEFAULT NULL,
  `report_sql` longtext,
  `report_is_active` tinyint(1) DEFAULT NULL,
  `updated_at` datetime DEFAULT NULL,
  `created_at` datetime DEFAULT NULL,
  `deleted_at` datetime DEFAULT NULL
) ENGINE=InnoDB DEFAULT CHARSET=latin1;

--
-- Dumping data for table `reports`
--

INSERT INTO `reports` (`report_id`, `report_name`, `category`, `report_sql`, `report_is_active`, `updated_at`, `created_at`, `deleted_at`) VALUES
(1, 'Low Stock', 'inventory', 'SELECT\n  CONCAT(CONCAT(p.product_code, \' - \'), p.product_name) as \'Product\',\n  p.min_stock_quantity AS \'Minimum Stock\',\n  pl.quantity AS \'Current Stock\'\nFROM products p\n  INNER JOIN product_locations pl\n    ON p.product_id = pl.product_id WHERE pl.quantity < p.min_stock_quantity AND pl.warehouse_id = {\"type\":\"linker\",\"required\":\"true\",\"dataText\":\"warehouse_name\",\"dataValue\":\"warehouse_id\",\"display\":\"Select Warehouse\",\"table\":\"warehouses\"}', 1, '2017-03-09 10:48:19', '2017-03-08 16:59:45', NULL),
(2, 'Product List', 'Inventory', 'Select * From Products', 1, '2017-03-08 17:00:34', '2017-03-08 17:00:34', NULL),
(3, 'test', 'Inventory', 'asdasd', 1, '2017-03-08 17:01:34', '2017-03-08 17:00:47', '2017-03-08 17:01:34'),
(4, 'Sales Report', 'sales', 'SELECT si.invoice_post_date, u.full_name as sales_person, p.product_name, si.sales_invoice_id, ps.cost_price, sit.product_quantity, (ps.cost_price*sit.product_quantity) as cost_total, sit.product_unit_sell_price, sit.line_item_total   FROM `sales_invoices` si INNER JOIN `sales_invoice_items` sit ON si.sales_invoice_id = sit.sales_invoice_id INNER JOIN `products` p ON p.product_id = sit.product_id INNER JOIN `product_suppliers` ps ON p.product_id = ps.product_id INNER JOIN `customers` c ON c.customer_id = si.customer_id INNER JOIN `users` u ON u.user_id = si.invoice_made_by_user_id\nWHERE ps.is_default = 1 AND si.invoice_post_date BETWEEN {\"type\":\"date\",\"required\":\"false\",\"defaultValue\":\"\",\"display\":\"From\"} AND {\"type\":\"date\",\"required\":\"false\",\"defaultValue\":\"\",\"display\":\"To\"} ORDER BY si.invoice_post_date asc', 1, '2017-04-20 07:51:33', '2017-04-20 07:29:16', NULL);

-- --------------------------------------------------------

--
-- Table structure for table `report_roles`
--

CREATE TABLE `report_roles` (
  `report_role_id` int(11) NOT NULL,
  `report_id` int(11) DEFAULT NULL,
  `role_id` int(11) DEFAULT NULL,
  `created_at` datetime DEFAULT NULL,
  `updated_at` datetime DEFAULT NULL,
  `deleted_at` datetime DEFAULT NULL
) ENGINE=InnoDB DEFAULT CHARSET=latin1;

-- --------------------------------------------------------

--
-- Table structure for table `roles`
--

CREATE TABLE `roles` (
  `role_id` int(11) NOT NULL,
  `role_name` varchar(50) CHARACTER SET utf8 DEFAULT NULL,
  `updated_at` datetime DEFAULT NULL,
  `created_at` datetime DEFAULT NULL,
  `deleted_at` datetime DEFAULT NULL
) ENGINE=InnoDB DEFAULT CHARSET=latin1;

--
-- Dumping data for table `roles`
--

INSERT INTO `roles` (`role_id`, `role_name`, `updated_at`, `created_at`, `deleted_at`) VALUES
(1, 'Admin', '0000-00-00 00:00:00', '2019-03-02 00:00:00', NULL),
(2, 'Agent', '0000-00-00 00:00:00', '2019-03-02 00:00:00', NULL),
(3, 'Manager', '0000-00-00 00:00:00', '2019-03-02 00:00:00', NULL),
(4, 'Verifier', '0000-00-00 00:00:00', '2019-03-02 00:00:00', NULL),
(5, 'Customer Service', NULL, '2019-03-02 00:00:00', NULL),
(6, 'Superadmin', '0000-00-00 00:00:00', '2019-03-02 00:00:00', NULL);

-- --------------------------------------------------------

--
-- Table structure for table `role_navigations`
--

CREATE TABLE `role_navigations` (
  `role_navigation_id` int(11) NOT NULL,
  `role_id` int(11) DEFAULT NULL,
  `navigation_id` int(11) DEFAULT NULL,
  `updated_at` datetime DEFAULT NULL,
  `created_at` datetime DEFAULT NULL,
  `deleted_at` datetime DEFAULT NULL
) ENGINE=InnoDB DEFAULT CHARSET=latin1;

--
-- Dumping data for table `role_navigations`
--

INSERT INTO `role_navigations` (`role_navigation_id`, `role_id`, `navigation_id`, `updated_at`, `created_at`, `deleted_at`) VALUES
(9, 11, 2, '2017-03-04 11:03:27', '2017-03-04 11:03:27', NULL),
(10, 11, 3, '2017-03-04 11:03:27', '2017-03-04 11:03:27', NULL),
(11, 11, 4, '2017-03-04 11:03:27', '2017-03-04 11:03:27', NULL),
(12, 11, 5, '2017-03-04 11:03:27', '2017-03-04 11:03:27', NULL),
(13, 11, 7, '2017-03-04 11:03:27', '2017-03-04 11:03:27', NULL),
(14, 11, 8, '2017-03-04 11:03:27', '2017-03-04 11:03:27', NULL),
(16, 12, 3, '2017-03-16 05:45:29', '2017-03-16 05:45:29', NULL),
(17, 12, 8, '2017-03-16 05:45:29', '2017-03-16 05:45:29', NULL),
(65, 33, 3, '2018-01-17 07:31:47', '2018-01-17 07:31:47', NULL),
(66, 33, 2, '2018-01-17 07:31:47', '2018-01-17 07:31:47', NULL),
(67, 33, 4, '2018-01-17 07:31:47', '2018-01-17 07:31:47', NULL),
(68, 33, 5, '2018-01-17 07:31:47', '2018-01-17 07:31:47', NULL),
(69, 33, 6, '2018-01-17 07:31:47', '2018-01-17 07:31:47', NULL),
(70, 33, 7, '2018-01-17 07:31:47', '2018-01-17 07:31:47', NULL),
(71, 33, 8, '2018-01-17 07:31:47', '2018-01-17 07:31:47', NULL),
(72, 33, 9, '2018-01-17 07:31:47', '2018-01-17 07:31:47', NULL),
(73, 33, 26, '2018-01-17 07:31:47', '2018-01-17 07:31:47', NULL),
(74, 33, 10, '2018-01-17 07:31:47', '2018-01-17 07:31:47', NULL),
(75, 33, 27, '2018-01-17 07:31:47', '2018-01-17 07:31:47', NULL),
(76, 33, 78, '2018-01-17 07:31:47', '2018-01-17 07:31:47', NULL),
(77, 33, 79, '2018-01-17 07:31:47', '2018-01-17 07:31:47', NULL),
(78, 33, 12, '2018-01-17 07:31:47', '2018-01-17 07:31:47', NULL),
(79, 33, 13, '2018-01-17 07:31:47', '2018-01-17 07:31:47', NULL),
(80, 33, 16, '2018-01-17 07:31:47', '2018-01-17 07:31:47', NULL),
(81, 33, 17, '2018-01-17 07:31:47', '2018-01-17 07:31:47', NULL),
(82, 33, 18, '2018-01-17 07:31:47', '2018-01-17 07:31:47', NULL),
(83, 33, 19, '2018-01-17 07:31:47', '2018-01-17 07:31:47', NULL),
(84, 33, 75, '2018-01-17 07:31:47', '2018-01-17 07:31:47', NULL),
(85, 33, 29, '2018-01-17 07:31:47', '2018-01-17 07:31:47', NULL),
(86, 33, 89, '2018-01-17 07:31:47', '2018-01-17 07:31:47', NULL),
(87, 11, 89, NULL, '0000-00-00 00:00:00', NULL),
(88, 11, 89, NULL, '2018-02-07 08:47:25', NULL),
(89, 37, 68, NULL, '2019-01-26 17:43:22', NULL),
(90, 37, 70, NULL, '2019-01-26 17:43:22', NULL),
(91, 37, 79, NULL, '2019-01-26 17:43:22', NULL),
(92, 38, 69, '2019-01-28 13:24:05', '2019-01-28 09:50:54', NULL),
(93, 38, 67, '2019-01-28 13:24:05', '2019-01-28 09:50:54', NULL),
(94, 38, 83, '2019-01-28 13:24:05', '2019-01-28 09:50:54', NULL),
(95, 38, 89, NULL, '2019-01-28 13:24:05', NULL),
(96, 39, 66, '2019-01-28 14:43:08', '2019-01-28 14:42:18', NULL),
(97, 39, 68, '2019-01-28 14:43:08', '2019-01-28 14:42:18', NULL),
(98, 40, 23, '2019-02-21 18:24:17', '2019-02-02 18:43:59', NULL),
(99, 40, 22, '2019-02-21 18:24:17', '2019-02-02 18:43:59', NULL),
(100, 40, 21, '2019-02-21 18:24:17', '2019-02-02 18:43:59', NULL),
(101, 40, 20, '2019-02-21 18:24:17', '2019-02-02 18:43:59', NULL),
(102, 40, 19, '2019-02-21 18:24:17', '2019-02-02 18:43:59', NULL),
(103, 40, 18, '2019-02-21 18:24:17', '2019-02-02 18:43:59', NULL),
(104, 40, 17, '2019-02-21 18:24:17', '2019-02-02 18:43:59', NULL),
(105, 40, 16, '2019-02-21 18:24:17', '2019-02-02 18:43:59', NULL),
(106, 40, 15, '2019-02-21 18:24:17', '2019-02-02 18:43:59', NULL),
(107, 40, 14, '2019-02-21 18:24:17', '2019-02-02 18:43:59', NULL),
(108, 40, 13, '2019-02-21 18:24:17', '2019-02-02 18:43:59', NULL),
(109, 40, 12, '2019-02-21 18:24:17', '2019-02-02 18:43:59', NULL),
(110, 40, 11, '2019-02-21 18:24:17', '2019-02-02 18:43:59', NULL),
(111, 40, 10, '2019-02-21 18:24:17', '2019-02-02 18:43:59', NULL),
(112, 40, 9, '2019-02-21 18:24:17', '2019-02-02 18:43:59', NULL),
(113, 40, 8, '2019-02-21 18:24:17', '2019-02-02 18:43:59', NULL),
(114, 40, 7, '2019-02-21 18:24:17', '2019-02-02 18:43:59', NULL),
(115, 40, 6, '2019-02-21 18:24:17', '2019-02-02 18:43:59', NULL),
(116, 40, 5, '2019-02-21 18:24:17', '2019-02-02 18:43:59', NULL),
(117, 40, 4, '2019-02-21 18:24:17', '2019-02-02 18:43:59', NULL),
(118, 40, 3, '2019-02-04 11:10:22', '2019-02-02 18:43:59', NULL),
(119, 40, 2, '2019-02-21 18:24:17', '2019-02-02 18:43:59', NULL),
(120, 40, 1, '2019-02-21 18:24:17', '2019-02-02 18:43:59', NULL),
(121, 40, 24, '2019-02-21 18:24:17', '2019-02-04 11:10:22', NULL),
(122, 41, 1, '2019-02-04 11:40:40', '2019-02-04 11:13:02', NULL),
(123, 41, 17, '2019-02-04 11:40:40', '2019-02-04 11:17:53', NULL),
(124, 41, 4, '2019-02-04 11:40:40', '2019-02-04 11:17:53', NULL),
(125, 41, 5, '2019-02-04 11:40:40', '2019-02-04 11:17:53', NULL),
(126, 41, 23, NULL, '2019-02-04 11:40:40', NULL),
(127, 40, 27, NULL, '2019-02-21 18:24:17', NULL),
(128, 6, 16, NULL, '2019-03-09 15:09:32', NULL),
(129, 0, 39, '2019-03-25 12:53:22', '2019-03-25 12:09:56', NULL),
(130, 0, 38, '2019-03-25 12:53:22', '2019-03-25 12:09:56', NULL),
(131, 0, 37, '2019-03-25 12:53:22', '2019-03-25 12:09:56', NULL),
(132, 0, 36, '2019-03-25 12:53:22', '2019-03-25 12:09:56', NULL),
(133, 0, 35, '2019-03-25 12:53:22', '2019-03-25 12:09:56', NULL),
(134, 0, 34, '2019-03-25 12:53:22', '2019-03-25 12:09:56', NULL),
(135, 0, 33, '2019-03-25 12:53:22', '2019-03-25 12:09:56', NULL),
(136, 0, 32, '2019-03-25 12:53:22', '2019-03-25 12:09:56', NULL),
(137, 0, 31, '2019-03-25 12:53:22', '2019-03-25 12:09:56', NULL),
(138, 0, 30, '2019-03-25 12:53:22', '2019-03-25 12:09:56', NULL),
(139, 0, 29, '2019-03-25 12:53:22', '2019-03-25 12:09:56', NULL),
(140, 0, 28, '2019-03-25 12:53:22', '2019-03-25 12:09:56', NULL),
(144, 0, 42, NULL, '2019-03-25 12:53:22', NULL),
(145, 0, 41, NULL, '2019-03-25 12:53:22', NULL),
(146, 0, 40, NULL, '2019-03-25 12:53:22', NULL),
(147, 0, 42, '2019-03-25 12:55:28', '2019-03-25 12:54:43', NULL),
(148, 0, 41, '2019-03-25 12:55:28', '2019-03-25 12:54:44', NULL),
(149, 0, 40, '2019-03-25 12:55:28', '2019-03-25 12:54:44', NULL),
(150, 0, 33, NULL, '2019-03-25 12:55:28', NULL),
(151, 0, 28, '2019-03-25 13:04:42', '2019-03-25 12:56:53', NULL),
(152, 0, 29, '2019-03-25 13:04:42', '2019-03-25 12:58:03', NULL),
(153, 0, 30, '2019-03-25 13:04:42', '2019-03-25 12:58:03', NULL),
(154, 0, 31, '2019-03-25 13:04:42', '2019-03-25 12:58:03', NULL),
(155, 0, 32, '2019-03-25 13:04:42', '2019-03-25 12:58:03', NULL),
(156, 0, 43, '2019-03-25 13:04:42', '2019-03-25 13:03:58', NULL),
(157, 0, 42, '2019-03-25 13:04:42', '2019-03-25 13:03:58', NULL),
(158, 0, 41, '2019-03-25 13:04:42', '2019-03-25 13:03:58', NULL),
(159, 0, 40, '2019-03-25 13:04:42', '2019-03-25 13:03:58', NULL),
(160, 0, 33, NULL, '2019-03-25 13:04:42', NULL),
(161, 0, 34, NULL, '2019-03-25 13:04:42', NULL),
(162, 0, 35, NULL, '2019-03-25 13:04:42', NULL),
(163, 0, 36, NULL, '2019-03-25 13:04:42', NULL),
(164, 0, 37, NULL, '2019-03-25 13:04:42', NULL),
(165, 0, 38, NULL, '2019-03-25 13:04:42', NULL),
(166, 0, 39, NULL, '2019-03-25 13:04:42', NULL),
(167, 1, 43, '2019-04-10 16:07:30', '2019-03-25 13:06:39', NULL),
(168, 1, 42, '2019-04-10 16:07:30', '2019-03-25 13:06:39', NULL),
(169, 1, 41, '2019-04-10 16:07:30', '2019-03-25 13:06:39', NULL),
(170, 1, 40, '2019-04-10 16:07:30', '2019-03-25 13:06:39', NULL),
(171, 1, 39, '2019-04-10 16:07:30', '2019-03-25 13:06:39', NULL),
(172, 1, 38, '2019-04-10 16:07:30', '2019-03-25 13:06:39', NULL),
(173, 1, 37, '2019-04-10 16:07:30', '2019-03-25 13:06:39', NULL),
(174, 1, 36, '2019-04-10 16:07:30', '2019-03-25 13:06:39', NULL),
(175, 1, 35, '2019-04-10 16:07:30', '2019-03-25 13:06:39', NULL),
(176, 1, 34, '2019-04-10 16:07:30', '2019-03-25 13:06:39', NULL),
(177, 1, 33, '2019-04-10 16:07:30', '2019-03-25 13:06:39', NULL),
(178, 1, 32, '2019-04-10 16:07:30', '2019-03-25 13:06:39', NULL),
(179, 1, 31, '2019-04-10 16:07:30', '2019-03-25 13:06:39', NULL),
(180, 1, 30, '2019-04-10 16:07:30', '2019-03-25 13:06:39', NULL),
(181, 1, 29, '2019-04-10 16:07:30', '2019-03-25 13:06:39', NULL),
(182, 1, 28, '2019-04-10 16:07:30', '2019-03-25 13:06:39', NULL),
(183, 1, 26, '2019-04-10 16:07:30', '2019-04-01 15:15:16', NULL),
(184, 1, 16, '2019-04-10 16:07:30', '2019-04-01 15:15:16', NULL),
(185, 1, 15, '2019-04-10 16:07:30', '2019-04-01 15:15:16', NULL),
(186, 2, 43, NULL, '2019-04-05 18:07:19', NULL),
(187, 2, 40, NULL, '2019-04-05 18:07:19', NULL),
(188, 2, 32, NULL, '2019-04-05 18:07:19', NULL),
(189, 2, 31, NULL, '2019-04-05 18:07:19', NULL),
(190, 2, 30, NULL, '2019-04-05 18:07:19', NULL),
(191, 2, 29, NULL, '2019-04-05 18:07:19', NULL),
(192, 2, 28, NULL, '2019-04-05 18:07:19', NULL),
(193, 3, 43, NULL, '2019-04-06 15:36:25', NULL),
(194, 3, 41, NULL, '2019-04-06 15:36:25', NULL),
(195, 3, 28, NULL, '2019-04-06 15:36:25', NULL),
(196, 3, 29, NULL, '2019-04-06 15:36:25', NULL),
(197, 3, 30, NULL, '2019-04-06 15:36:25', NULL),
(198, 3, 31, NULL, '2019-04-06 15:36:25', NULL),
(199, 3, 32, NULL, '2019-04-06 15:36:25', NULL),
(200, 4, 43, NULL, '2019-04-06 15:37:26', NULL),
(201, 4, 42, NULL, '2019-04-06 15:37:26', NULL),
(202, 4, 28, NULL, '2019-04-06 15:37:26', NULL),
(203, 4, 29, NULL, '2019-04-06 15:37:26', NULL),
(204, 4, 30, NULL, '2019-04-06 15:37:26', NULL),
(205, 4, 31, NULL, '2019-04-06 15:37:26', NULL),
(206, 4, 32, NULL, '2019-04-06 15:37:26', NULL),
(207, 1, 44, NULL, '2019-04-10 16:07:30', NULL);

-- --------------------------------------------------------

--
-- Table structure for table `salary_components`
--

CREATE TABLE `salary_components` (
  `salary_component_id` int(11) NOT NULL,
  `salary_component_name` varchar(50) DEFAULT NULL,
  `is_deduction` tinyint(1) DEFAULT NULL,
  `created_at` datetime DEFAULT NULL,
  `updated_at` datetime DEFAULT NULL,
  `deleted_at` datetime DEFAULT NULL
) ENGINE=InnoDB DEFAULT CHARSET=latin1;

-- --------------------------------------------------------

--
-- Table structure for table `salary_structures`
--

CREATE TABLE `salary_structures` (
  `salary_structure_id` int(11) NOT NULL,
  `salary_structure_name` varchar(50) DEFAULT NULL,
  `created_at` datetime DEFAULT NULL,
  `updated_at` datetime DEFAULT NULL,
  `deleted_at` datetime DEFAULT NULL
) ENGINE=InnoDB DEFAULT CHARSET=latin1;

--
-- Dumping data for table `salary_structures`
--

INSERT INTO `salary_structures` (`salary_structure_id`, `salary_structure_name`, `created_at`, `updated_at`, `deleted_at`) VALUES
(1, 'Test structure', '2017-03-19 18:01:26', '2017-03-19 18:01:26', NULL);

-- --------------------------------------------------------

--
-- Table structure for table `sales_invoices`
--

CREATE TABLE `sales_invoices` (
  `sales_invoice_id` int(11) NOT NULL,
  `sales_order_id` int(11) DEFAULT NULL,
  `inv_no` varchar(255) DEFAULT NULL,
  `inv_date` varchar(255) DEFAULT NULL,
  `customer_id` int(11) DEFAULT NULL,
  `job_order_id` int(11) DEFAULT NULL,
  `invoice_total` decimal(10,2) DEFAULT NULL,
  `invoice_total_without_tax` decimal(10,2) DEFAULT NULL,
  `invoice_total_tax` decimal(10,2) DEFAULT NULL,
  `invoice_post_date` timestamp NOT NULL DEFAULT '0000-00-00 00:00:00',
  `is_posted` tinyint(1) DEFAULT NULL,
  `amount_unpaid` decimal(10,2) DEFAULT NULL,
  `invoice_made_by_user_id` int(11) DEFAULT NULL,
  `discount` varchar(10) DEFAULT NULL,
  `sub_total` decimal(10,2) DEFAULT NULL,
  `note_print_on_invoice` varchar(255) DEFAULT NULL,
  `remarks` varchar(255) DEFAULT NULL,
  `tax` varchar(255) DEFAULT NULL,
  `updated_at` datetime DEFAULT NULL,
  `created_at` datetime DEFAULT NULL,
  `deleted_at` datetime DEFAULT NULL
) ENGINE=InnoDB DEFAULT CHARSET=latin1;

--
-- Dumping data for table `sales_invoices`
--

INSERT INTO `sales_invoices` (`sales_invoice_id`, `sales_order_id`, `inv_no`, `inv_date`, `customer_id`, `job_order_id`, `invoice_total`, `invoice_total_without_tax`, `invoice_total_tax`, `invoice_post_date`, `is_posted`, `amount_unpaid`, `invoice_made_by_user_id`, `discount`, `sub_total`, `note_print_on_invoice`, `remarks`, `tax`, `updated_at`, `created_at`, `deleted_at`) VALUES
(1, NULL, '65', '2019-01-19', 1, 1, NULL, NULL, NULL, '0000-00-00 00:00:00', NULL, NULL, 1, '43232', NULL, 'vbfdd', '43232', 'fdsfd', NULL, '2019-01-19 16:27:52', NULL),
(2, NULL, '123', '2019-01-08', 1, 2, NULL, NULL, NULL, '0000-00-00 00:00:00', NULL, NULL, 1, '5', NULL, '123', '1', '5', NULL, '2019-01-19 16:57:40', NULL),
(3, NULL, '11', '2019-01-09', 1, 3, NULL, NULL, NULL, '0000-00-00 00:00:00', NULL, NULL, 1, '4', '2400.00', 'abc', 'abc', '', NULL, '2019-01-21 14:32:41', NULL),
(4, NULL, '12', '2019-02-06', 1, 5, NULL, NULL, NULL, '0000-00-00 00:00:00', NULL, NULL, 18, '5', '400.00', '12', '12', '2', NULL, '2019-02-04 11:58:58', NULL),
(5, NULL, '33', '2019-01-30', 1, 4, NULL, NULL, NULL, '0000-00-00 00:00:00', NULL, NULL, 18, '5', '400.00', '123', 'abc', '5', NULL, '2019-02-04 12:02:19', NULL),
(6, NULL, '33', '2019-01-30', 1, 6, NULL, NULL, NULL, '0000-00-00 00:00:00', NULL, NULL, 18, '5', '400.00', 'abc', '', '5', NULL, '2019-02-04 12:14:43', NULL);

-- --------------------------------------------------------

--
-- Table structure for table `sales_invoice_items`
--

CREATE TABLE `sales_invoice_items` (
  `sales_invoice_item_id` int(11) NOT NULL,
  `sales_invoice_id` int(11) NOT NULL,
  `product_id` int(11) DEFAULT NULL,
  `product_description` mediumtext,
  `product_quantity` int(11) DEFAULT NULL,
  `product_unit_sell_price` decimal(10,2) DEFAULT NULL,
  `line_item_total` decimal(10,2) DEFAULT NULL,
  `line_item_total_without_tax` decimal(10,0) DEFAULT NULL,
  `line_item_total_tax` decimal(10,0) DEFAULT NULL,
  `updated_at` datetime DEFAULT NULL,
  `created_at` datetime DEFAULT NULL,
  `deleted_at` datetime DEFAULT NULL
) ENGINE=InnoDB DEFAULT CHARSET=latin1;

--
-- Dumping data for table `sales_invoice_items`
--

INSERT INTO `sales_invoice_items` (`sales_invoice_item_id`, `sales_invoice_id`, `product_id`, `product_description`, `product_quantity`, `product_unit_sell_price`, `line_item_total`, `line_item_total_without_tax`, `line_item_total_tax`, `updated_at`, `created_at`, `deleted_at`) VALUES
(1, 1, 1, 'fds', 1, '44.00', '44.00', NULL, NULL, NULL, '2019-01-19 16:27:52', NULL),
(2, 2, 1, 'abc', 2, '1200.00', '2400.00', NULL, NULL, NULL, '2019-01-19 16:57:40', NULL),
(3, 3, 1, 'abc', 2, '1200.00', '2400.00', NULL, NULL, NULL, '2019-01-21 14:32:41', NULL),
(4, 4, 7, 'abc', 2, '200.00', '400.00', NULL, NULL, NULL, '2019-02-04 11:58:58', NULL),
(5, 5, 7, 'abc', 2, '200.00', '400.00', NULL, NULL, NULL, '2019-02-04 12:02:19', NULL),
(6, 6, 7, 'a', 2, '200.00', '400.00', NULL, NULL, NULL, '2019-02-04 12:14:43', NULL);

-- --------------------------------------------------------

--
-- Table structure for table `sales_invoice_payments`
--

CREATE TABLE `sales_invoice_payments` (
  `sales_invoice_payment_id` int(11) NOT NULL,
  `payment_date` date NOT NULL,
  `payment_entered_by_user_id` int(11) DEFAULT NULL,
  `payment_amount` decimal(10,0) DEFAULT NULL,
  `sales_invoice_id` int(11) DEFAULT NULL,
  `payment_method` varchar(255) DEFAULT NULL,
  `note` text,
  `gl_account_id` int(11) DEFAULT NULL,
  `updated_at` datetime DEFAULT NULL,
  `created_at` datetime DEFAULT NULL,
  `deleted_at` datetime DEFAULT NULL
) ENGINE=InnoDB DEFAULT CHARSET=latin1;

--
-- Dumping data for table `sales_invoice_payments`
--

INSERT INTO `sales_invoice_payments` (`sales_invoice_payment_id`, `payment_date`, `payment_entered_by_user_id`, `payment_amount`, `sales_invoice_id`, `payment_method`, `note`, `gl_account_id`, `updated_at`, `created_at`, `deleted_at`) VALUES
(1, '2017-03-10', 1, '9000', 1, 'Cash', NULL, NULL, '2017-03-11 08:42:54', '2017-03-11 08:42:54', NULL),
(2, '2017-03-17', 1, '500', 1, 'Cash', NULL, NULL, '2017-03-18 08:50:54', '2017-03-18 08:50:54', NULL),
(3, '2017-03-17', 1, '100', 1, 'Cash', NULL, NULL, '2017-03-18 08:56:11', '2017-03-18 08:56:11', NULL),
(4, '2017-03-17', 1, '100', 1, 'Cash', NULL, NULL, '2017-03-18 09:01:03', '2017-03-18 09:01:03', NULL),
(5, '2017-03-17', 1, '50', 1, 'Bank Transfer', NULL, NULL, '2017-03-18 09:01:30', '2017-03-18 09:01:30', NULL),
(6, '2017-03-20', 1, '1000', 2, 'Cash', NULL, NULL, '2017-03-19 15:46:29', '2017-03-19 15:46:29', NULL),
(7, '2017-03-22', 1, '378', 3, 'Cash', NULL, NULL, '2017-03-20 20:06:51', '2017-03-20 20:06:51', NULL),
(8, '2017-04-18', 1, '150', 4, 'Cash', NULL, NULL, '2017-04-19 11:53:35', '2017-04-19 11:53:35', NULL),
(9, '2017-04-18', 1, '150', 5, 'Cash', NULL, NULL, '2017-04-19 11:55:48', '2017-04-19 11:55:48', NULL),
(10, '2017-04-18', 1, '450', 6, 'Cash', NULL, NULL, '2017-04-19 12:20:02', '2017-04-19 12:20:02', NULL),
(11, '2018-01-16', 2, '300', 7, 'Cash', NULL, NULL, '2018-01-17 10:10:46', '2018-01-17 10:10:46', NULL),
(12, '2018-01-17', 2, '300', 8, 'Cash', NULL, NULL, '2018-01-17 22:31:50', '2018-01-17 22:31:50', NULL),
(13, '2018-01-17', 2, '300', 9, 'Cash', NULL, NULL, '2018-01-17 22:32:14', '2018-01-17 22:32:14', NULL),
(14, '2018-01-17', 2, '90', 10, 'Cash', NULL, NULL, '2018-01-17 22:32:53', '2018-01-17 22:32:53', NULL),
(15, '2018-01-18', 2, '90', 11, 'Cash', NULL, NULL, '2018-01-19 07:17:08', '2018-01-19 07:17:08', NULL),
(16, '2018-01-18', 2, '90', 12, 'Cash', NULL, NULL, '2018-01-19 07:17:19', '2018-01-19 07:17:19', NULL),
(17, '2018-01-23', 2, '50000', 13, 'Cash', NULL, NULL, '2018-01-24 07:09:49', '2018-01-24 07:09:49', NULL),
(18, '2018-01-28', 2, '85', 14, 'Credit Card', NULL, NULL, '2018-01-29 07:00:11', '2018-01-29 07:00:11', NULL),
(19, '2018-02-03', 2, '1740', 15, 'Cash', NULL, NULL, '2018-02-04 17:49:31', '2018-02-04 17:49:31', NULL),
(20, '2018-02-04', 2, '6380', 16, 'Cash', NULL, NULL, '2018-02-05 09:40:58', '2018-02-05 09:40:58', NULL),
(21, '2019-01-21', 1, '2000', 3, 'Bank Transfer', 'abc', NULL, NULL, '0000-00-00 00:00:00', NULL);

-- --------------------------------------------------------

--
-- Table structure for table `sales_invoice_returns`
--

CREATE TABLE `sales_invoice_returns` (
  `sales_invoice_return_id` int(11) NOT NULL,
  `sales_invoice_id` int(11) NOT NULL,
  `sales_return_total_amount` decimal(8,2) NOT NULL,
  `sales_return_by` int(11) NOT NULL,
  `sales_return_date` date NOT NULL,
  `notes` text,
  `created_at` datetime DEFAULT NULL,
  `updated_at` datetime DEFAULT NULL,
  `deleted_at` datetime DEFAULT NULL
) ENGINE=InnoDB DEFAULT CHARSET=latin1;

--
-- Dumping data for table `sales_invoice_returns`
--

INSERT INTO `sales_invoice_returns` (`sales_invoice_return_id`, `sales_invoice_id`, `sales_return_total_amount`, `sales_return_by`, `sales_return_date`, `notes`, `created_at`, `updated_at`, `deleted_at`) VALUES
(4, 1, '5000.00', 1, '2017-03-10', 'test', '2017-03-11 09:13:46', '2017-03-11 09:13:46', NULL),
(5, 1, '1500.00', 1, '2017-03-20', 'test', '2017-03-19 15:34:38', '2017-03-19 15:34:38', NULL),
(6, 1, '1500.00', 1, '2017-03-20', 'test', '2017-03-19 15:38:51', '2017-03-19 15:38:51', NULL);

-- --------------------------------------------------------

--
-- Table structure for table `sales_invoice_return_items`
--

CREATE TABLE `sales_invoice_return_items` (
  `sales_invoice_return_item_id` int(11) NOT NULL,
  `sales_invoice_return_id` int(11) NOT NULL,
  `sales_invoice_item_id` int(11) NOT NULL,
  `return_amount` decimal(8,2) DEFAULT NULL,
  `return_qty` decimal(10,2) DEFAULT NULL,
  `created_at` datetime DEFAULT NULL,
  `updated_at` datetime DEFAULT NULL,
  `deleted_at` datetime DEFAULT NULL
) ENGINE=InnoDB DEFAULT CHARSET=latin1;

--
-- Dumping data for table `sales_invoice_return_items`
--

INSERT INTO `sales_invoice_return_items` (`sales_invoice_return_item_id`, `sales_invoice_return_id`, `sales_invoice_item_id`, `return_amount`, `return_qty`, `created_at`, `updated_at`, `deleted_at`) VALUES
(4, 4, 1, '5000.00', '20.00', '2017-03-11 09:13:46', '2017-03-11 09:13:46', NULL),
(5, 5, 1, '1500.00', '5.00', '2017-03-19 15:34:38', '2017-03-19 15:34:38', NULL),
(6, 6, 1, '1500.00', '5.00', '2017-03-19 15:38:51', '2017-03-19 15:38:51', NULL);

-- --------------------------------------------------------

--
-- Table structure for table `sales_orders`
--

CREATE TABLE `sales_orders` (
  `sales_order_id` int(11) NOT NULL,
  `sales_order_made_by_user_id` int(11) DEFAULT NULL,
  `sales_order_customer_reference` varchar(255) DEFAULT NULL,
  `customer_id` int(11) DEFAULT NULL,
  `delivery_address` mediumtext,
  `phone_number` varchar(50) DEFAULT NULL,
  `customer_email` varchar(255) DEFAULT NULL,
  `sales_order_total` decimal(10,2) DEFAULT NULL,
  `sales_order_total_without_tax` decimal(10,2) DEFAULT NULL,
  `sales_order_total_tax` decimal(10,2) DEFAULT NULL,
  `is_quote` tinyint(1) DEFAULT NULL,
  `updated_at` datetime DEFAULT NULL,
  `created_at` datetime DEFAULT NULL,
  `deleted_at` datetime DEFAULT NULL
) ENGINE=InnoDB DEFAULT CHARSET=latin1;

--
-- Dumping data for table `sales_orders`
--

INSERT INTO `sales_orders` (`sales_order_id`, `sales_order_made_by_user_id`, `sales_order_customer_reference`, `customer_id`, `delivery_address`, `phone_number`, `customer_email`, `sales_order_total`, `sales_order_total_without_tax`, `sales_order_total_tax`, `is_quote`, `updated_at`, `created_at`, `deleted_at`) VALUES
(1, 1, NULL, 1, NULL, '(149) 933-1169', 'Hutcherson931@example.com', '9900.00', NULL, NULL, 0, '2017-03-16 08:48:48', '2017-03-11 08:42:20', NULL),
(2, 1, '1234', 2, 'asdsadsa', '(895) 876-5923', 'gjsgg8275@example.com', '5830.00', NULL, NULL, 0, '2017-03-19 15:44:01', '2017-03-19 15:43:46', NULL),
(3, 1, NULL, 1, NULL, '(149) 933-1169', 'Hutcherson931@example.com', '0.00', NULL, NULL, 0, '2017-03-20 18:30:45', '2017-03-20 18:30:45', NULL),
(4, 1, NULL, 1, NULL, NULL, NULL, '378.00', NULL, NULL, 0, '2017-03-20 20:06:51', '2017-03-20 20:06:51', NULL),
(5, 1, NULL, 1, NULL, NULL, NULL, '378.00', NULL, NULL, 0, '2017-03-20 20:06:51', '2017-04-20 20:06:51', NULL),
(6, 1, NULL, 1, NULL, '(149) 933-1169', 'Hutcherson931@example.com', '9900.00', NULL, NULL, 0, '2017-03-16 08:48:48', '2017-02-11 08:42:20', NULL),
(7, 1, NULL, 21, NULL, NULL, NULL, '150.00', NULL, NULL, 0, '2017-04-19 11:53:35', '2017-04-19 11:53:35', NULL),
(8, 1, NULL, 21, NULL, NULL, NULL, '150.00', NULL, NULL, 0, '2017-04-19 11:55:48', '2017-04-19 11:55:48', NULL),
(9, 1, NULL, 21, NULL, NULL, NULL, '450.00', NULL, NULL, 0, '2017-04-19 12:20:02', '2017-04-19 12:20:02', NULL),
(10, 2, NULL, 2, NULL, NULL, NULL, '300.00', NULL, NULL, 0, '2018-01-17 10:10:46', '2018-01-17 10:10:46', NULL),
(11, 2, NULL, 1, NULL, NULL, NULL, '300.00', NULL, NULL, 0, '2018-01-17 22:31:50', '2018-01-17 22:31:50', NULL),
(12, 2, NULL, 1, NULL, NULL, NULL, '300.00', NULL, NULL, 0, '2018-01-17 22:32:14', '2018-01-17 22:32:14', NULL),
(13, 2, NULL, 1, NULL, NULL, NULL, '90.00', NULL, NULL, 0, '2018-01-17 22:32:53', '2018-01-17 22:32:53', NULL),
(14, 2, NULL, 1, NULL, NULL, NULL, '90.00', NULL, NULL, 0, '2018-01-19 07:17:08', '2018-01-19 07:17:08', NULL),
(15, 2, NULL, 1, NULL, NULL, NULL, '90.00', NULL, NULL, 0, '2018-01-19 07:17:19', '2018-01-19 07:17:19', NULL),
(16, 2, NULL, 1, NULL, NULL, NULL, '50000.00', NULL, NULL, 0, '2018-01-24 07:09:49', '2018-01-24 07:09:49', NULL),
(17, 2, NULL, 1, NULL, NULL, NULL, '85.00', NULL, NULL, 0, '2018-01-29 07:00:11', '2018-01-29 07:00:11', NULL),
(18, 2, NULL, 1, NULL, NULL, NULL, '1740.00', NULL, NULL, 0, '2018-02-04 17:49:30', '2018-02-04 17:49:30', NULL),
(19, 2, NULL, 1, NULL, NULL, NULL, '6380.00', NULL, NULL, 0, '2018-02-05 09:40:58', '2018-02-05 09:40:58', NULL);

-- --------------------------------------------------------

--
-- Table structure for table `sales_order_items`
--

CREATE TABLE `sales_order_items` (
  `sales_order_item_id` int(11) NOT NULL,
  `sales_order_id` int(11) DEFAULT NULL,
  `product_id` int(11) DEFAULT NULL,
  `product_description` mediumtext,
  `warehouse_id` int(11) DEFAULT NULL,
  `ordered_quantity` int(11) DEFAULT NULL,
  `product_unit_cost_price` decimal(10,2) DEFAULT NULL,
  `product_unit_sell_price` decimal(10,2) DEFAULT NULL,
  `line_item_total` decimal(10,2) DEFAULT NULL,
  `line_item_total_without_tax` decimal(10,2) DEFAULT NULL,
  `line_item_total_tax` decimal(10,2) DEFAULT NULL,
  `updated_at` datetime DEFAULT NULL,
  `created_at` datetime DEFAULT NULL,
  `deleted_at` datetime DEFAULT NULL
) ENGINE=InnoDB DEFAULT CHARSET=latin1;

--
-- Dumping data for table `sales_order_items`
--

INSERT INTO `sales_order_items` (`sales_order_item_id`, `sales_order_id`, `product_id`, `product_description`, `warehouse_id`, `ordered_quantity`, `product_unit_cost_price`, `product_unit_sell_price`, `line_item_total`, `line_item_total_without_tax`, `line_item_total_tax`, `updated_at`, `created_at`, `deleted_at`) VALUES
(1, 1, 38, NULL, 1, 33, '32.00', '300.00', '9900.00', NULL, NULL, '2017-03-11 08:42:20', '2017-03-11 08:42:20', NULL),
(2, 2, 1, NULL, 2, 55, '33.00', '106.00', '5830.00', NULL, NULL, '2017-03-19 15:43:46', '2017-03-19 15:43:46', NULL),
(3, 4, 38, NULL, 1, 1, '32.00', '400.00', '400.00', NULL, NULL, '2017-03-20 20:06:51', '2017-03-20 20:06:51', NULL),
(4, 7, 44, NULL, 1, 1, '80.00', '150.00', '150.00', NULL, NULL, '2017-04-19 11:53:35', '2017-04-19 11:53:35', NULL),
(5, 8, 44, NULL, 1, 1, '80.00', '150.00', '150.00', NULL, NULL, '2017-04-19 11:55:48', '2017-04-19 11:55:48', NULL),
(6, 9, 38, NULL, 1, 1, '32.00', '300.00', '300.00', NULL, NULL, '2017-04-19 12:20:02', '2017-04-19 12:20:02', NULL),
(7, 9, 44, NULL, 1, 1, '80.00', '150.00', '150.00', NULL, NULL, '2017-04-19 12:20:02', '2017-04-19 12:20:02', NULL),
(8, 10, 38, NULL, 1, 1, '32.00', '300.00', '300.00', NULL, NULL, '2018-01-17 10:10:46', '2018-01-17 10:10:46', NULL),
(9, 11, 38, NULL, 1, 1, '32.00', '300.00', '300.00', NULL, NULL, '2018-01-17 22:31:50', '2018-01-17 22:31:50', NULL),
(10, 12, 38, NULL, 1, 1, '32.00', '300.00', '300.00', NULL, NULL, '2018-01-17 22:32:14', '2018-01-17 22:32:14', NULL),
(11, 13, 43, NULL, 1, 1, '50.00', '90.00', '90.00', NULL, NULL, '2018-01-17 22:32:53', '2018-01-17 22:32:53', NULL),
(12, 14, 43, NULL, 1, 1, '50.00', '90.00', '90.00', NULL, NULL, '2018-01-19 07:17:08', '2018-01-19 07:17:08', NULL),
(13, 15, 43, NULL, 1, 1, '50.00', '90.00', '90.00', NULL, NULL, '2018-01-19 07:17:19', '2018-01-19 07:17:19', NULL),
(14, 16, 48, NULL, 1, 10, '3000.00', '5000.00', '50000.00', NULL, NULL, '2018-01-24 07:09:49', '2018-01-24 07:09:49', NULL),
(15, 17, 43, NULL, 1, 1, '50.00', '90.00', '90.00', NULL, NULL, '2018-01-29 07:00:11', '2018-01-29 07:00:11', NULL),
(16, 18, 43, NULL, 1, 1, '50.00', '90.00', '90.00', NULL, NULL, '2018-02-04 17:49:30', '2018-02-04 17:49:30', NULL),
(17, 18, 44, NULL, 1, 1, '80.00', '150.00', '150.00', NULL, NULL, '2018-02-04 17:49:31', '2018-02-04 17:49:31', NULL),
(18, 18, 38, NULL, 1, 5, '32.00', '300.00', '1500.00', NULL, NULL, '2018-02-04 17:49:31', '2018-02-04 17:49:31', NULL),
(19, 19, 43, NULL, 1, 2, '50.00', '90.00', '180.00', NULL, NULL, '2018-02-05 09:40:58', '2018-02-05 09:40:58', NULL),
(20, 19, 48, NULL, 1, 1, '3000.00', '5000.00', '5000.00', NULL, NULL, '2018-02-05 09:40:58', '2018-02-05 09:40:58', NULL),
(21, 19, 38, NULL, 1, 1, '32.00', '300.00', '300.00', NULL, NULL, '2018-02-05 09:40:58', '2018-02-05 09:40:58', NULL),
(22, 19, 44, NULL, 1, 6, '80.00', '150.00', '900.00', NULL, NULL, '2018-02-05 09:40:58', '2018-02-05 09:40:58', NULL);

-- --------------------------------------------------------

--
-- Table structure for table `settings`
--

CREATE TABLE `settings` (
  `setting_id` int(11) NOT NULL,
  `key` varchar(255) CHARACTER SET utf8 NOT NULL,
  `value` varchar(255) CHARACTER SET utf8 DEFAULT NULL,
  `updated_at` datetime DEFAULT NULL,
  `created_at` datetime DEFAULT NULL,
  `deleted_at` datetime DEFAULT NULL
) ENGINE=InnoDB DEFAULT CHARSET=latin1;

--
-- Dumping data for table `settings`
--

INSERT INTO `settings` (`setting_id`, `key`, `value`, `updated_at`, `created_at`, `deleted_at`) VALUES
(1, 'asset_gl_account_id', '120', '2017-03-20 22:03:53', NULL, NULL),
(2, 'bank_gl_account_id', NULL, NULL, NULL, NULL),
(3, 'cash_gl_account_id', NULL, NULL, NULL, NULL),
(4, 'cogs_gl_account_id', '165', '2017-03-20 22:23:32', NULL, NULL),
(5, 'document_notification', NULL, NULL, NULL, NULL),
(6, 'equity_gl_account_id', '146', '2017-03-20 22:15:05', NULL, NULL),
(7, 'expense_gl_account_id', '194', '2017-03-20 22:55:45', NULL, NULL),
(8, 'income_gl_account_id', '156', '2017-03-20 22:19:07', NULL, NULL),
(9, 'liability_gl_account_id', '139', '2017-03-20 22:11:55', NULL, NULL),
(11, 'default_warehouse_id', '1', NULL, NULL, NULL),
(12, 'company_address', 'Shop # 1-2, Bur Dubai, Dubai', NULL, NULL, NULL),
(13, 'payable_gl_account_id', '138', '2017-03-20 22:11:29', NULL, NULL),
(14, 'receivable_gl_account_id', '116', '2017-03-20 22:02:02', NULL, NULL),
(15, 'license', 'eyJ0b3RhbERheXMiOiIyMDE3LTA0LTI3IiwiTW9kdWxlcyI6IlNhbGVzLFB1cmNoYXNlLEFjY291bnRpbmcifQ==', NULL, NULL, NULL),
(16, 'pos_gl_account_id', NULL, NULL, NULL, NULL),
(17, 'total_paid_leaves', NULL, NULL, NULL, NULL),
(18, 'off_days', '{\"date\" :[\"0\",\"6\"] }', NULL, NULL, NULL),
(19, 'po_gl_enabled', '1', '2019-02-16 14:50:31', NULL, NULL),
(20, 'po_credit_gl_id', '1', '2019-02-16 14:50:31', NULL, NULL),
(21, 'po_debit_gl_id', '7', '2019-02-16 14:50:31', NULL, NULL),
(22, 'po_gl_note', 'from client ABC', '2019-02-16 14:50:31', NULL, NULL),
(24, 'pr_gl_enabled', NULL, '2017-03-19 15:02:30', NULL, NULL),
(25, 'pr_credit_gl_id', NULL, '2017-03-16 13:31:54', NULL, NULL),
(26, 'pr_debit_gl_id', NULL, '2017-03-16 13:31:54', NULL, NULL),
(27, 'pr_gl_note', NULL, '2017-03-19 15:02:38', NULL, NULL),
(28, 'so_gl_enabled', NULL, '2017-03-18 08:41:42', NULL, NULL),
(29, 'so_credit_gl_id', NULL, '2017-03-16 13:33:39', NULL, NULL),
(30, 'so_debit_gl_id', NULL, '2017-03-16 13:33:39', NULL, NULL),
(31, 'so_gl_note', NULL, '2017-03-18 08:41:15', NULL, NULL),
(32, 'sr_gl_enabled', NULL, '2017-03-16 13:34:13', NULL, NULL),
(33, 'sr_credit_gl_id', NULL, '2017-03-16 13:34:13', NULL, NULL),
(34, 'sr_debit_gl_id', NULL, '2017-03-16 13:34:13', NULL, NULL),
(35, 'sr_gl_note', NULL, '2017-03-16 13:34:13', NULL, NULL),
(36, 'hr_gl_enabled', NULL, '2017-03-19 15:18:29', NULL, NULL),
(37, 'hr_credit_gl_id', NULL, '2017-03-16 13:35:10', NULL, NULL),
(38, 'hr_debit_gl_id', NULL, '2017-03-16 13:35:10', NULL, NULL),
(39, 'hr_gl_note', NULL, '2017-03-19 15:18:38', NULL, NULL),
(40, 'company_name', 'Arman co.', NULL, NULL, NULL),
(41, 'company_email', 'armansheikh92@gmail.com', '2017-03-17 09:10:25', NULL, NULL),
(42, 'company_phone', '+4320983429', NULL, NULL, NULL),
(43, 'test', 'test', '2017-03-20 21:01:48', '2017-03-20 21:01:38', '2017-03-20 21:01:48'),
(44, 'last_run_date', '2017-04-06', NULL, NULL, NULL),
(45, 'mon_open_time', '04:00:00', '2017-04-18 09:47:32', NULL, NULL),
(46, 'mon_close_time', '14:00:00', '2017-04-18 09:47:32', NULL, NULL),
(47, 'mon_is_off', '0', '2017-04-18 08:55:32', NULL, NULL),
(48, 'tue_open_time', '04:00:00', '2017-04-18 09:47:32', NULL, NULL),
(49, 'tue_close_time', '15:00:00', '2017-04-18 09:47:32', NULL, NULL),
(50, 'tue_is_off', '0', '2017-04-11 08:37:16', NULL, NULL),
(51, 'wed_open_time', '05:00:00', '2017-04-18 09:47:32', NULL, NULL),
(52, 'wed_close_time', '16:00:00', '2017-04-18 09:47:32', NULL, NULL),
(53, 'wed_is_off', '0', '2017-04-11 08:37:16', NULL, NULL),
(54, 'thur_open_time', '04:00:00', '2017-04-18 09:47:32', NULL, NULL),
(55, 'thur_close_time', '14:00:00', '2017-04-18 09:47:32', NULL, NULL),
(56, 'thur_is_off', '0', '2017-04-11 08:37:16', NULL, NULL),
(57, 'fri_open_time', '04:00:00', '2017-04-18 09:47:32', NULL, NULL),
(58, 'fri_close_time', '15:00:00', '2017-04-18 09:47:32', NULL, NULL),
(59, 'fri_is_off', '0', '2017-04-18 08:55:32', NULL, NULL),
(60, 'sat_open_time', NULL, NULL, NULL, NULL),
(61, 'sat_close_time', NULL, NULL, NULL, NULL),
(62, 'sat_is_off', '1', '2017-04-18 09:48:14', NULL, NULL),
(63, 'sun_open_time', NULL, NULL, NULL, NULL),
(64, 'sun_close_time', NULL, NULL, NULL, NULL),
(65, 'sun_is_off', '1', '2017-04-18 09:48:14', NULL, NULL),
(66, 'late_enabled', '1', '2017-04-18 14:54:22', NULL, NULL),
(67, 'late_deduction', '10', '2017-04-18 14:54:22', NULL, NULL),
(68, 'late_deduction_type', '1', '2017-04-11 09:37:11', NULL, NULL),
(69, 'overtime_enabled', '0', '2017-04-11 10:16:53', NULL, NULL),
(70, 'overtime_limit', '8', '2017-04-11 10:16:53', NULL, NULL),
(71, 'late_time_limit', '1970-01-01T04:15:00.000Z', '2017-04-18 14:54:22', NULL, NULL),
(72, 'company_name_arabic', 'الذراع اليمين', NULL, NULL, NULL);

-- --------------------------------------------------------

--
-- Table structure for table `shift`
--

CREATE TABLE `shift` (
  `shift_id` int(11) NOT NULL,
  `shift_name` varchar(50) CHARACTER SET utf8 DEFAULT NULL,
  `shift_start` varchar(50) NOT NULL,
  `shift_end` varchar(50) NOT NULL,
  `updated_at` datetime DEFAULT NULL,
  `created_at` datetime DEFAULT NULL,
  `deleted_at` datetime DEFAULT NULL
) ENGINE=InnoDB DEFAULT CHARSET=latin1;

--
-- Dumping data for table `shift`
--

INSERT INTO `shift` (`shift_id`, `shift_name`, `shift_start`, `shift_end`, `updated_at`, `created_at`, `deleted_at`) VALUES
(1, 'Evening', '1:10 PM', '1:30 PM', '0000-00-00 00:00:00', '0000-00-00 00:00:00', NULL),
(4, 'Morning', '3:14 AM', '8:00 AM', NULL, '0000-00-00 00:00:00', NULL),
(5, 'Night', '8:00 PM', '4:00 AM', NULL, '0000-00-00 00:00:00', NULL);

-- --------------------------------------------------------

--
-- Table structure for table `stock_adjustments`
--

CREATE TABLE `stock_adjustments` (
  `stock_adjustment_id` int(11) NOT NULL,
  `adjusted_by_user_id` int(11) DEFAULT NULL,
  `stock_adjustment_note` varchar(45) DEFAULT NULL,
  `is_processed` tinyint(1) DEFAULT NULL,
  `posted_by_user_id` int(11) DEFAULT NULL,
  `warehouse_id` int(11) DEFAULT NULL,
  `updated_at` datetime DEFAULT NULL,
  `created_at` datetime DEFAULT NULL,
  `deleted_at` datetime DEFAULT NULL
) ENGINE=InnoDB DEFAULT CHARSET=latin1;

--
-- Dumping data for table `stock_adjustments`
--

INSERT INTO `stock_adjustments` (`stock_adjustment_id`, `adjusted_by_user_id`, `stock_adjustment_note`, `is_processed`, `posted_by_user_id`, `warehouse_id`, `updated_at`, `created_at`, `deleted_at`) VALUES
(1, NULL, 'this is a test box', 1, NULL, 1, '2017-02-15 10:26:57', '2017-02-15 07:36:07', '2017-02-15 10:26:57'),
(2, NULL, 'test', 1, NULL, 1, '2017-02-15 10:26:51', '2017-02-15 10:25:53', '2017-02-15 10:26:51'),
(3, NULL, 'test', 1, NULL, 1, '2017-02-15 10:38:01', '2017-02-15 10:28:16', NULL),
(4, 1, 'test', 1, NULL, 17, '2017-03-20 12:30:49', '2017-03-20 12:08:32', NULL);

-- --------------------------------------------------------

--
-- Table structure for table `stock_adjustment_items`
--

CREATE TABLE `stock_adjustment_items` (
  `stock_adjustment_item_id` int(11) NOT NULL,
  `stock_adjustment_id` int(11) DEFAULT NULL,
  `product_id` int(11) DEFAULT NULL,
  `product_variance` decimal(10,2) DEFAULT NULL,
  `updated_at` datetime DEFAULT NULL,
  `created_at` datetime DEFAULT NULL,
  `deleted_at` datetime DEFAULT NULL,
  `old_stock` decimal(10,2) DEFAULT NULL
) ENGINE=InnoDB DEFAULT CHARSET=latin1;

--
-- Dumping data for table `stock_adjustment_items`
--

INSERT INTO `stock_adjustment_items` (`stock_adjustment_item_id`, `stock_adjustment_id`, `product_id`, `product_variance`, `updated_at`, `created_at`, `deleted_at`, `old_stock`) VALUES
(2, 1, 38, '22.00', '2017-02-15 10:00:30', '2017-02-15 10:00:30', NULL, '32.00'),
(3, 2, 38, '30.00', '2017-02-15 10:25:53', '2017-02-15 10:25:53', NULL, '32.00'),
(9, 3, 38, '-2.00', '2017-02-15 10:38:48', '2017-02-15 10:38:48', NULL, '32.00'),
(11, 4, 1, '55.00', '2017-03-20 12:30:49', '2017-03-20 12:30:49', NULL, '45.00');

-- --------------------------------------------------------

--
-- Table structure for table `stock_counts`
--

CREATE TABLE `stock_counts` (
  `stock_count_id` int(11) NOT NULL,
  `count_performed_by_user_id` int(11) DEFAULT NULL,
  `is_adjusted` tinyint(1) DEFAULT NULL,
  `stock_count_note` varchar(255) DEFAULT NULL,
  `warehouse_id` int(11) DEFAULT NULL,
  `updated_at` datetime DEFAULT NULL,
  `created_at` datetime DEFAULT NULL,
  `deleted_at` datetime DEFAULT NULL
) ENGINE=InnoDB DEFAULT CHARSET=latin1;

--
-- Dumping data for table `stock_counts`
--

INSERT INTO `stock_counts` (`stock_count_id`, `count_performed_by_user_id`, `is_adjusted`, `stock_count_note`, `warehouse_id`, `updated_at`, `created_at`, `deleted_at`) VALUES
(8, NULL, 1, 'Test test', 1, '2017-02-15 14:09:41', '2017-02-15 14:09:23', NULL),
(9, 1, 1, 'test', 17, '2017-03-20 12:37:20', '2017-03-20 12:37:13', NULL);

-- --------------------------------------------------------

--
-- Table structure for table `stock_count_items`
--

CREATE TABLE `stock_count_items` (
  `stock_count_item_id` int(11) NOT NULL,
  `stock_count_id` int(11) DEFAULT NULL,
  `product_id` int(11) DEFAULT NULL,
  `product_count` decimal(10,2) DEFAULT NULL,
  `product_variance` decimal(10,2) DEFAULT NULL,
  `updated_at` datetime DEFAULT NULL,
  `created_at` datetime DEFAULT NULL,
  `deleted_at` datetime DEFAULT NULL
) ENGINE=InnoDB DEFAULT CHARSET=latin1;

--
-- Dumping data for table `stock_count_items`
--

INSERT INTO `stock_count_items` (`stock_count_item_id`, `stock_count_id`, `product_id`, `product_count`, `product_variance`, `updated_at`, `created_at`, `deleted_at`) VALUES
(11, 8, 38, '52.00', '22.00', '2017-02-15 14:09:41', '2017-02-15 14:09:41', NULL),
(13, 9, 1, '50.00', '-50.00', '2017-03-20 12:37:20', '2017-03-20 12:37:20', NULL);

-- --------------------------------------------------------

--
-- Table structure for table `stock_transfers`
--

CREATE TABLE `stock_transfers` (
  `stock_transfer_id` int(11) NOT NULL,
  `transfer_performed_by_user_id` int(11) DEFAULT NULL,
  `stock_transfer_note` varchar(255) DEFAULT NULL,
  `from_warehouse_id` int(11) NOT NULL,
  `to_warehouse_id` int(11) NOT NULL,
  `updated_at` datetime DEFAULT NULL,
  `created_at` datetime DEFAULT NULL,
  `deleted_at` datetime DEFAULT NULL
) ENGINE=InnoDB AVG_ROW_LENGTH=5461 DEFAULT CHARSET=latin1;

--
-- Dumping data for table `stock_transfers`
--

INSERT INTO `stock_transfers` (`stock_transfer_id`, `transfer_performed_by_user_id`, `stock_transfer_note`, `from_warehouse_id`, `to_warehouse_id`, `updated_at`, `created_at`, `deleted_at`) VALUES
(7, 1, NULL, 1, 2, '2017-03-20 13:03:05', '2017-02-15 20:09:38', '2017-03-20 13:03:05'),
(12, NULL, NULL, 1, 2, '2017-02-16 11:42:02', '2017-02-16 11:09:37', '2017-02-16 11:42:02'),
(13, 1, NULL, 17, 14, '2017-03-20 13:08:12', '2017-03-20 13:04:41', '2017-03-20 13:08:12');

-- --------------------------------------------------------

--
-- Table structure for table `stock_transfer_items`
--

CREATE TABLE `stock_transfer_items` (
  `stock_transfer_item_id` int(11) NOT NULL,
  `stock_transfer_id` int(11) DEFAULT NULL,
  `product_id` int(11) DEFAULT NULL,
  `quantity` decimal(10,2) DEFAULT NULL,
  `updated_at` datetime DEFAULT NULL,
  `created_at` datetime DEFAULT NULL,
  `deleted_at` datetime DEFAULT NULL
) ENGINE=InnoDB DEFAULT CHARSET=latin1;

--
-- Dumping data for table `stock_transfer_items`
--

INSERT INTO `stock_transfer_items` (`stock_transfer_item_id`, `stock_transfer_id`, `product_id`, `quantity`, `updated_at`, `created_at`, `deleted_at`) VALUES
(4, 12, 38, '20.00', '2017-02-16 11:42:02', '2017-02-16 11:09:37', '2017-02-16 11:42:02'),
(5, 13, 1, '10.00', '2017-03-20 13:08:12', '2017-03-20 13:04:41', '2017-03-20 13:08:12');

-- --------------------------------------------------------

--
-- Table structure for table `suppliers`
--

CREATE TABLE `suppliers` (
  `supplier_id` int(11) NOT NULL,
  `title` varchar(255) CHARACTER SET utf8 DEFAULT NULL,
  `address` varchar(255) CHARACTER SET utf8 DEFAULT NULL,
  `city` varchar(255) DEFAULT NULL,
  `country` varchar(255) DEFAULT NULL,
  `person` varchar(255) DEFAULT NULL,
  `person_email` varchar(255) DEFAULT NULL,
  `telephone` varchar(255) DEFAULT NULL,
  `fax` varchar(255) DEFAULT NULL,
  `email` varchar(255) DEFAULT NULL,
  `cell` varchar(255) DEFAULT NULL,
  `updated_at` datetime DEFAULT NULL,
  `created_at` datetime DEFAULT NULL,
  `deleted_at` datetime DEFAULT NULL
) ENGINE=InnoDB DEFAULT CHARSET=latin1;

--
-- Dumping data for table `suppliers`
--

INSERT INTO `suppliers` (`supplier_id`, `title`, `address`, `city`, `country`, `person`, `person_email`, `telephone`, `fax`, `email`, `cell`, `updated_at`, `created_at`, `deleted_at`) VALUES
(1, 'Ali', 'North Nazimabad', 'karachi', 'pakistan', '333', 'test@gmail.com', '123', '123', 'ali@gmail.com', '323333', '0000-00-00 00:00:00', '0000-00-00 00:00:00', NULL),
(2, 'Arman', 'bhayani centre', 'karachi', 'pakistan', 'fayaz', 'ali@gmail.com', '4323423', '123', 'taimoorakram98@gmail.comsdf', '123', NULL, '0000-00-00 00:00:00', NULL),
(3, 'supplier 1', 'abc', 'karachi', 'pakistan', 'ali', 'ali@gmail.com', '123', '123', '', '', '0000-00-00 00:00:00', '0000-00-00 00:00:00', NULL);

-- --------------------------------------------------------

--
-- Table structure for table `tables`
--

CREATE TABLE `tables` (
  `table_id` int(11) NOT NULL,
  `table_name` varchar(50) DEFAULT NULL,
  `table_pos` int(11) DEFAULT NULL,
  `created_at` datetime DEFAULT NULL,
  `updated_at` datetime DEFAULT NULL,
  `deleted_at` datetime DEFAULT NULL
) ENGINE=InnoDB DEFAULT CHARSET=latin1;

-- --------------------------------------------------------

--
-- Table structure for table `tax_rates`
--

CREATE TABLE `tax_rates` (
  `tax_rate_id` int(11) NOT NULL,
  `tax_percentage` decimal(10,0) DEFAULT NULL,
  `tax_rate_name` varchar(50) DEFAULT NULL,
  `updated_at` datetime DEFAULT NULL,
  `created_at` datetime DEFAULT NULL,
  `deleted_at` datetime DEFAULT NULL
) ENGINE=InnoDB DEFAULT CHARSET=latin1;

--
-- Dumping data for table `tax_rates`
--

INSERT INTO `tax_rates` (`tax_rate_id`, `tax_percentage`, `tax_rate_name`, `updated_at`, `created_at`, `deleted_at`) VALUES
(1, '10', '10% @ GST', NULL, NULL, NULL),
(2, '20', '20% @ GST', NULL, NULL, NULL),
(3, '10', '10% @ VAT', NULL, NULL, NULL),
(4, '20', '20% @ VAT', NULL, NULL, NULL);

-- --------------------------------------------------------

--
-- Table structure for table `unit_of_measurements`
--

CREATE TABLE `unit_of_measurements` (
  `uom_id` int(11) NOT NULL,
  `base_unit_id` int(11) DEFAULT NULL,
  `unit_code` varchar(10) DEFAULT NULL,
  `unit_name` varchar(45) CHARACTER SET utf8 DEFAULT NULL,
  `operation_value` decimal(10,5) DEFAULT NULL,
  `operator` varchar(2) DEFAULT NULL,
  `updated_at` datetime DEFAULT NULL,
  `created_at` datetime DEFAULT NULL,
  `deleted_at` datetime DEFAULT NULL
) ENGINE=InnoDB DEFAULT CHARSET=latin1;

--
-- Dumping data for table `unit_of_measurements`
--

INSERT INTO `unit_of_measurements` (`uom_id`, `base_unit_id`, `unit_code`, `unit_name`, `operation_value`, `operator`, `updated_at`, `created_at`, `deleted_at`) VALUES
(1, NULL, 'kg', 'Kilogram', NULL, NULL, '2017-03-13 11:12:02', '1970-01-08 05:58:01', NULL),
(3, NULL, NULL, 'lb', NULL, NULL, '2017-03-13 08:20:39', '1980-01-31 08:14:57', '2017-03-13 08:20:39'),
(11, NULL, 'm', 'Meter', NULL, NULL, '2017-03-13 11:12:08', '2017-03-13 11:12:08', NULL),
(12, NULL, 'pc', 'Piece', NULL, NULL, '2017-03-13 11:12:18', '2017-03-13 11:12:18', NULL),
(13, 11, 'cm', 'Centimeter', '100.00000', '/', '2017-03-13 11:14:26', '2017-03-13 11:14:26', NULL),
(14, 11, 'ft', 'Foot', '3.28084', '/', '2017-03-13 11:30:43', '2017-03-13 11:30:43', NULL),
(15, 12, 'box', 'Dozen Box', '12.00000', '*', '2017-03-13 11:31:16', '2017-03-13 11:31:16', NULL),
(16, 1, 'g', 'Gram', '1000.00000', '/', '2017-03-13 11:32:15', '2017-03-13 11:32:15', NULL),
(17, 16, 'mg', 'Milligram', '1000.00000', '/', '2017-03-13 11:33:17', '2017-03-13 11:33:17', NULL),
(18, 1, 'qt', 'Quintal', '100.00000', '*', '2017-03-13 11:34:07', '2017-03-13 11:34:07', NULL),
(19, 1, 't', 'Ton', '1000.00000', '*', '2017-03-13 11:34:35', '2017-03-13 11:34:35', NULL),
(21, NULL, 'l', 'Liter', NULL, NULL, '2017-03-13 11:36:18', '2017-03-13 11:36:18', NULL),
(22, 21, 'mL', 'Milliliter', '1000.00000', '/', '2017-03-13 11:38:07', '2017-03-13 11:37:21', NULL),
(23, 22, 'ts', 'Teaspoon', '5.00000', '*', '2017-03-13 11:41:05', '2017-03-13 11:41:05', NULL),
(24, 22, 'tbspn', 'Tablespoon', '15.00000', '*', '2017-03-13 11:44:59', '2017-03-13 11:44:53', NULL),
(25, 22, 'cup', 'Cup', '250.00000', '*', '2017-03-13 11:45:32', '2017-03-13 11:45:32', NULL),
(26, 1, 'lb', 'Pound', '0.45359', '*', '2017-03-13 11:50:55', '2017-03-13 11:50:55', NULL),
(27, 11, 'kgss', 'Kilogram 4', '343.00000', '+', '2017-03-16 05:27:53', '2017-03-16 05:26:11', '2017-03-16 05:27:53'),
(28, 1, 'KG', 'kilo test', '55.00000', '+', '2017-03-16 05:27:45', '2017-03-16 05:27:37', '2017-03-16 05:27:45');

-- --------------------------------------------------------

--
-- Table structure for table `users`
--

CREATE TABLE `users` (
  `user_id` int(11) NOT NULL,
  `username` varchar(50) CHARACTER SET utf8 DEFAULT NULL,
  `password` varchar(255) DEFAULT NULL,
  `full_name` varchar(255) CHARACTER SET utf8 DEFAULT NULL,
  `email` varchar(255) CHARACTER SET utf8 DEFAULT NULL,
  `is_login_allowed` tinyint(1) DEFAULT NULL,
  `is_loggedin` tinyint(1) DEFAULT NULL,
  `department_id` int(11) DEFAULT NULL,
  `admin_id` int(11) DEFAULT '0',
  `currency_id` int(11) DEFAULT NULL,
  `region_id` int(11) DEFAULT NULL,
  `center_id` int(11) DEFAULT NULL,
  `salary` decimal(10,0) DEFAULT NULL,
  `service_type` varchar(10) DEFAULT NULL,
  `remember_token` varchar(100) DEFAULT NULL,
  `salary_term` varchar(50) DEFAULT NULL,
  `gender` varchar(50) DEFAULT NULL,
  `martial_status` varchar(50) DEFAULT NULL,
  `nationality` varchar(50) DEFAULT NULL,
  `dob` date DEFAULT NULL,
  `address` varchar(50) DEFAULT NULL,
  `city` varchar(50) DEFAULT NULL,
  `state` varchar(50) DEFAULT NULL,
  `zipcode` varchar(50) DEFAULT NULL,
  `country` varchar(50) DEFAULT NULL,
  `home_phone` varchar(50) DEFAULT NULL,
  `mobile` varchar(50) DEFAULT NULL,
  `work_phone` varchar(50) DEFAULT NULL,
  `work_email` varchar(50) DEFAULT NULL,
  `other_email` varchar(50) DEFAULT NULL,
  `joining_date` date DEFAULT NULL,
  `passport_no` varchar(50) DEFAULT NULL,
  `id_no` varchar(50) DEFAULT NULL,
  `visa_status` varchar(50) DEFAULT NULL,
  `visa_expiry` varchar(50) DEFAULT NULL,
  `visa_number` varchar(50) DEFAULT NULL,
  `visa_reference` varchar(50) DEFAULT NULL,
  `note` varchar(50) DEFAULT NULL,
  `bank_name` varchar(50) DEFAULT NULL,
  `bank_ac_number` varchar(50) DEFAULT NULL,
  `iban` varchar(50) DEFAULT NULL,
  `bank_title` varchar(50) DEFAULT NULL,
  `position` varchar(50) DEFAULT NULL,
  `title` varchar(50) DEFAULT NULL,
  `is_super` tinyint(1) DEFAULT NULL,
  `created_at` datetime DEFAULT NULL,
  `deleted_at` datetime DEFAULT NULL,
  `updated_at` datetime DEFAULT NULL
) ENGINE=InnoDB DEFAULT CHARSET=latin1;

--
-- Dumping data for table `users`
--

INSERT INTO `users` (`user_id`, `username`, `password`, `full_name`, `email`, `is_login_allowed`, `is_loggedin`, `department_id`, `admin_id`, `currency_id`, `region_id`, `center_id`, `salary`, `service_type`, `remember_token`, `salary_term`, `gender`, `martial_status`, `nationality`, `dob`, `address`, `city`, `state`, `zipcode`, `country`, `home_phone`, `mobile`, `work_phone`, `work_email`, `other_email`, `joining_date`, `passport_no`, `id_no`, `visa_status`, `visa_expiry`, `visa_number`, `visa_reference`, `note`, `bank_name`, `bank_ac_number`, `iban`, `bank_title`, `position`, `title`, `is_super`, `created_at`, `deleted_at`, `updated_at`) VALUES
(1, 'superadmin', 'ba3253876aed6bc22d4a6ff53d8406c6ad864195ed144ab5c87621b6c233b548baeae6956df346ec8c17f5ea10f35ee3cbc514797ed7ddd3145464e2a0bab413', 'Elda Hummel', 'VictoriaBeasley@example.com', 1, NULL, 1, NULL, 0, 0, 0, '100003', NULL, 'qH0dRDvnvsv0x2RRZIG63KaEldcy9VzRLNIVqQ5pVTXlY4WMKPgFNhCLTPGP', NULL, NULL, NULL, NULL, NULL, NULL, NULL, NULL, NULL, NULL, NULL, NULL, NULL, NULL, NULL, NULL, NULL, NULL, NULL, NULL, NULL, NULL, NULL, NULL, NULL, NULL, NULL, NULL, NULL, 1, '0000-00-00 00:00:00', NULL, '2017-03-01 08:31:14'),
(2, 'pos_admin', '$2y$10$pXca7hsNA1.CuHAu.tTQZuGsQ9oDQenq2xfWw3Tq8pPlNr6jBV2Cy', 'POS Admin', 'shabbir@itech19.com', 1, NULL, 11, NULL, NULL, NULL, NULL, '63905', NULL, 'jbVRpcTJwNJLn22y6nXsxcO2OKBSBe9Hjifz3FRe4ELoYt3afLF4R9OqxWlP', NULL, NULL, NULL, NULL, NULL, NULL, NULL, NULL, NULL, NULL, NULL, NULL, NULL, NULL, NULL, NULL, NULL, NULL, NULL, NULL, NULL, NULL, NULL, NULL, NULL, NULL, NULL, NULL, NULL, NULL, '1972-01-23 00:26:06', NULL, '2018-01-17 07:06:22'),
(3, 'Julietta1999', '6VTK1PANXU3S4WNZ', 'Karl Ackerman', 'MasonFlowers35@example.com', NULL, NULL, 4, NULL, NULL, NULL, NULL, '19999', NULL, 'A6017BMRB1', NULL, NULL, NULL, NULL, NULL, NULL, NULL, NULL, NULL, NULL, NULL, NULL, NULL, NULL, NULL, NULL, NULL, NULL, NULL, NULL, NULL, NULL, NULL, NULL, NULL, NULL, NULL, NULL, NULL, NULL, '1981-02-03 02:26:10', NULL, '1970-01-01 00:00:04'),
(4, NULL, NULL, 'Arman', 'armansheikh@gmail.com', NULL, NULL, 1, NULL, NULL, NULL, NULL, '5000', NULL, NULL, NULL, NULL, NULL, NULL, '1994-10-03', 'nk khi', 'Karachi', 'Sindh', '77089', 'Pakistan', NULL, NULL, NULL, NULL, NULL, '2017-01-18', NULL, NULL, NULL, NULL, NULL, NULL, NULL, NULL, NULL, NULL, NULL, NULL, 'Mr.', NULL, '2017-03-16 05:40:51', '2017-03-16 05:42:20', '2017-03-16 05:42:20'),
(5, 'userarman', '123456', 'Arman Test user', 'armansheikh92@gmail.com', NULL, NULL, NULL, NULL, NULL, NULL, NULL, NULL, NULL, NULL, NULL, NULL, NULL, NULL, NULL, NULL, NULL, NULL, NULL, NULL, NULL, NULL, NULL, NULL, NULL, NULL, NULL, NULL, NULL, NULL, NULL, NULL, NULL, NULL, NULL, NULL, NULL, NULL, NULL, NULL, NULL, NULL, NULL),
(6, 'userarman1', '123456', 'Arman Test user', 'armansheikh921@gmail.com', NULL, NULL, NULL, NULL, NULL, NULL, NULL, NULL, NULL, NULL, NULL, NULL, NULL, NULL, NULL, NULL, NULL, NULL, NULL, NULL, NULL, NULL, NULL, NULL, NULL, NULL, NULL, NULL, NULL, NULL, NULL, NULL, NULL, NULL, NULL, NULL, NULL, NULL, NULL, NULL, NULL, NULL, NULL),
(8, 'userarman16', '123456', 'Arman Test user 6', 'armansheikh92167@gmail.com', NULL, NULL, NULL, NULL, NULL, NULL, NULL, NULL, NULL, NULL, NULL, NULL, NULL, NULL, NULL, NULL, NULL, NULL, NULL, NULL, NULL, NULL, NULL, NULL, NULL, NULL, NULL, NULL, NULL, NULL, NULL, NULL, NULL, NULL, NULL, NULL, NULL, NULL, NULL, NULL, NULL, NULL, NULL),
(11, 'armansheikh9223333', '123', 'Arman Sheikh', 'armansheikh9322@gmail.com', NULL, NULL, NULL, NULL, NULL, NULL, NULL, '100', NULL, NULL, NULL, NULL, NULL, NULL, NULL, NULL, NULL, NULL, NULL, NULL, NULL, NULL, NULL, NULL, NULL, '2017-04-11', NULL, NULL, NULL, NULL, NULL, NULL, NULL, NULL, NULL, NULL, NULL, NULL, NULL, NULL, NULL, NULL, '2017-04-12 06:50:49'),
(13, 'tim', 'fa585d89c851dd338a70dcf535aa2a92fee7836dd6aff1226583e88e0996293f16bc009c652826e0fc5c706695a03cddce372f139eff4d13959da6f1f5d3eabe', 'Taimoor', 'tim@gmail.com', 1, NULL, NULL, NULL, 3, 1, 1, NULL, NULL, NULL, NULL, NULL, NULL, NULL, NULL, NULL, NULL, NULL, NULL, NULL, NULL, NULL, NULL, NULL, NULL, NULL, NULL, NULL, NULL, NULL, NULL, NULL, NULL, NULL, NULL, NULL, NULL, NULL, NULL, NULL, '0000-00-00 00:00:00', NULL, NULL),
(14, 'asad', 'fa585d89c851dd338a70dcf535aa2a92fee7836dd6aff1226583e88e0996293f16bc009c652826e0fc5c706695a03cddce372f139eff4d13959da6f1f5d3eabe', 'M Asad', 'asad@gmail.com', 1, NULL, NULL, NULL, 3, 4, 4, NULL, NULL, NULL, NULL, NULL, NULL, NULL, NULL, NULL, NULL, NULL, NULL, NULL, NULL, NULL, NULL, NULL, NULL, NULL, NULL, NULL, NULL, NULL, NULL, NULL, NULL, NULL, NULL, NULL, NULL, NULL, NULL, NULL, '0000-00-00 00:00:00', NULL, NULL),
(15, 'admin', 'ba3253876aed6bc22d4a6ff53d8406c6ad864195ed144ab5c87621b6c233b548baeae6956df346ec8c17f5ea10f35ee3cbc514797ed7ddd3145464e2a0bab413', 'ayazahmed', 'ayaz@gmail.com', 1, NULL, NULL, 0, 3, 1, 1, NULL, NULL, NULL, NULL, NULL, NULL, NULL, NULL, NULL, NULL, NULL, NULL, NULL, NULL, NULL, NULL, NULL, NULL, NULL, NULL, NULL, NULL, NULL, NULL, NULL, NULL, NULL, NULL, NULL, NULL, NULL, NULL, NULL, '0000-00-00 00:00:00', NULL, NULL),
(16, 'faizan', 'ba3253876aed6bc22d4a6ff53d8406c6ad864195ed144ab5c87621b6c233b548baeae6956df346ec8c17f5ea10f35ee3cbc514797ed7ddd3145464e2a0bab413', 'faizan darwaish', 'faizan@gmail.com', 1, NULL, NULL, 15, 3, 1, 1, NULL, NULL, NULL, NULL, NULL, NULL, NULL, NULL, NULL, NULL, NULL, NULL, NULL, NULL, NULL, NULL, NULL, NULL, NULL, NULL, NULL, NULL, NULL, NULL, NULL, NULL, NULL, NULL, NULL, NULL, NULL, NULL, NULL, '0000-00-00 00:00:00', NULL, NULL),
(17, 'dilawar', 'ba3253876aed6bc22d4a6ff53d8406c6ad864195ed144ab5c87621b6c233b548baeae6956df346ec8c17f5ea10f35ee3cbc514797ed7ddd3145464e2a0bab413', 'Dilawar', 'dilawar@gmail.com', 1, NULL, NULL, 15, 6, 3, 1, NULL, NULL, NULL, NULL, NULL, NULL, NULL, NULL, NULL, NULL, NULL, NULL, NULL, NULL, NULL, NULL, NULL, NULL, NULL, NULL, NULL, NULL, NULL, NULL, NULL, NULL, NULL, NULL, NULL, NULL, NULL, NULL, NULL, '0000-00-00 00:00:00', NULL, NULL),
(19, 'omer', 'ba3253876aed6bc22d4a6ff53d8406c6ad864195ed144ab5c87621b6c233b548baeae6956df346ec8c17f5ea10f35ee3cbc514797ed7ddd3145464e2a0bab413', 'Omer Wahab', 'omer@gmail.com', 1, NULL, NULL, 15, 7, 1, 1, NULL, NULL, NULL, NULL, NULL, NULL, NULL, NULL, NULL, NULL, NULL, NULL, NULL, NULL, NULL, NULL, NULL, NULL, NULL, NULL, NULL, NULL, NULL, NULL, NULL, NULL, NULL, NULL, NULL, NULL, NULL, NULL, NULL, '0000-00-00 00:00:00', NULL, NULL),
(20, 'admin1', 'ba3253876aed6bc22d4a6ff53d8406c6ad864195ed144ab5c87621b6c233b548baeae6956df346ec8c17f5ea10f35ee3cbc514797ed7ddd3145464e2a0bab413', 'admin1', 'admin1@gmail.com', 1, NULL, NULL, 0, 3, 1, 3, NULL, NULL, NULL, NULL, NULL, NULL, NULL, NULL, NULL, NULL, NULL, NULL, NULL, NULL, NULL, NULL, NULL, NULL, NULL, NULL, NULL, NULL, NULL, NULL, NULL, NULL, NULL, NULL, NULL, NULL, NULL, NULL, NULL, '0000-00-00 00:00:00', NULL, NULL),
(21, 'abcadmin', 'ba3253876aed6bc22d4a6ff53d8406c6ad864195ed144ab5c87621b6c233b548baeae6956df346ec8c17f5ea10f35ee3cbc514797ed7ddd3145464e2a0bab413', 'abcadmin', 'abcadmin@gmail.com', 1, NULL, NULL, 0, 6, 1, 3, NULL, NULL, NULL, NULL, NULL, NULL, NULL, NULL, NULL, NULL, NULL, NULL, NULL, NULL, NULL, NULL, NULL, NULL, NULL, NULL, NULL, NULL, NULL, NULL, NULL, NULL, NULL, NULL, NULL, NULL, NULL, NULL, NULL, '0000-00-00 00:00:00', NULL, NULL);

-- --------------------------------------------------------

--
-- Table structure for table `users_campaign`
--

CREATE TABLE `users_campaign` (
  `users_campaign_id` int(11) NOT NULL,
  `campaign_id` int(11) NOT NULL,
  `users_id` int(11) NOT NULL
) ENGINE=InnoDB DEFAULT CHARSET=latin1;

--
-- Dumping data for table `users_campaign`
--

INSERT INTO `users_campaign` (`users_campaign_id`, `campaign_id`, `users_id`) VALUES
(1, 0, 0),
(2, 0, 0),
(3, 0, 0),
(4, 0, 0),
(5, 0, 0),
(6, 0, 0),
(7, 0, 0),
(8, 0, 0),
(9, 0, 0),
(10, 0, 0),
(11, 0, 0),
(12, 0, 0),
(13, 0, 0),
(14, 0, 0),
(15, 0, 0),
(16, 0, 0),
(17, 0, 0),
(18, 0, 0),
(19, 0, 0),
(20, 0, 0),
(21, 0, 0),
(22, 0, 0),
(23, 0, 0),
(24, 0, 0),
(25, 0, 0),
(26, 0, 0),
(27, 0, 0),
(28, 0, 0),
(29, 0, 0),
(30, 0, 0),
(31, 0, 0),
(32, 0, 0),
(33, 0, 0),
(34, 0, 0),
(35, 0, 0),
(37, 0, 0),
(38, 0, 0),
(39, 0, 0),
(40, 0, 0),
(41, 0, 0),
(42, 1, 25),
(44, 1, 28),
(46, 1, 30),
(47, 2, 44),
(48, 2, 45),
(49, 2, 37),
(51, 2, 40),
(52, 2, 41),
(53, 2, 42),
(54, 2, 43),
(55, 2, 45),
(56, 2, 46),
(57, 2, 47),
(58, 2, 12),
(59, 3, 12),
(60, 4, 12),
(61, 2, 13),
(62, 5, 13),
(63, 2, 14),
(64, 5, 14),
(65, 5, 15),
(66, 2, 16),
(67, 5, 16),
(68, 2, 17),
(69, 5, 17),
(70, 6, 17),
(71, 2, 18),
(72, 5, 18),
(73, 6, 18),
(74, 2, 19),
(75, 5, 19),
(76, 6, 19),
(77, 2, 20),
(78, 5, 20),
(79, 6, 20),
(80, 2, 21),
(81, 5, 21),
(82, 6, 21);

-- --------------------------------------------------------

--
-- Table structure for table `users_products`
--

CREATE TABLE `users_products` (
  `users_products_id` int(11) NOT NULL,
  `products_id` int(11) DEFAULT NULL,
  `users_id` int(11) DEFAULT NULL
) ENGINE=InnoDB DEFAULT CHARSET=latin1;

--
-- Dumping data for table `users_products`
--

INSERT INTO `users_products` (`users_products_id`, `products_id`, `users_id`) VALUES
(1, 0, 0),
(2, 0, 0),
(3, 0, 0),
(4, 0, 0),
(5, 0, 0),
(6, 0, 0),
(7, 0, 0),
(8, 0, 0),
(9, 0, 0),
(10, 0, 0),
(11, 0, 0),
(12, 0, 0),
(13, 0, 0),
(14, 0, 0),
(15, 0, 0),
(16, 0, 0),
(17, 0, 0),
(18, 0, 0),
(19, 0, 0),
(20, 0, 0),
(21, 0, 0),
(22, 0, 0),
(23, 0, 0),
(24, 0, 0),
(25, 0, 0),
(26, 0, 0),
(27, 0, 0),
(28, 0, 0),
(29, 0, 0),
(30, 0, 0),
(31, 0, 0),
(32, 0, 0),
(33, 0, 0),
(34, 0, 0),
(35, 0, 0),
(37, 0, 0),
(38, 0, 0),
(39, 0, 0),
(40, 0, 0),
(41, 0, 0),
(42, NULL, 44),
(43, 2, 46),
(44, NULL, 33),
(45, 3, 36),
(46, 3, 37),
(48, 3, 40),
(49, 3, 41),
(50, 3, 42),
(51, 3, 43),
(52, 3, 45),
(53, 3, 46),
(54, 3, 47),
(55, 1, 47),
(56, 6, 12),
(57, 7, 12),
(58, 8, 12),
(59, 1, 12),
(60, 3, 12),
(61, 4, 12),
(62, 5, 12),
(63, 1, 13),
(64, 9, 13),
(65, 1, 14),
(66, 9, 14),
(67, 10, 14),
(68, 1, 15);

-- --------------------------------------------------------

--
-- Table structure for table `users_shift`
--

CREATE TABLE `users_shift` (
  `users_shift_id` int(11) NOT NULL,
  `shift_id` int(11) NOT NULL,
  `users_id` int(11) NOT NULL
) ENGINE=InnoDB DEFAULT CHARSET=latin1;

--
-- Dumping data for table `users_shift`
--

INSERT INTO `users_shift` (`users_shift_id`, `shift_id`, `users_id`) VALUES
(1, 0, 0),
(2, 0, 0),
(3, 0, 0),
(4, 0, 0),
(5, 0, 0),
(6, 0, 0),
(7, 0, 0),
(8, 0, 0),
(9, 0, 0),
(10, 0, 0),
(11, 0, 0),
(12, 0, 0),
(13, 0, 0),
(14, 0, 0),
(15, 0, 0),
(16, 0, 0),
(17, 0, 0),
(18, 0, 0),
(19, 0, 0),
(20, 0, 0),
(21, 0, 0),
(22, 0, 0),
(23, 0, 0),
(24, 0, 0),
(25, 0, 0),
(26, 0, 0),
(27, 0, 0),
(28, 0, 0),
(29, 0, 0),
(30, 0, 0),
(31, 0, 0),
(32, 0, 0),
(33, 0, 0),
(34, 0, 0),
(35, 0, 0),
(37, 0, 0),
(38, 0, 0),
(39, 0, 0),
(40, 0, 0),
(41, 0, 0),
(46, 1, 40),
(47, 2, 40),
(48, 1, 40),
(49, 2, 40),
(50, 1, 42),
(51, 2, 42),
(52, 1, 42),
(53, 2, 42),
(54, 1, 43),
(55, 2, 43),
(56, 1, 45),
(57, 2, 45),
(58, 1, 46),
(59, 2, 46),
(60, 1, 47),
(61, 2, 47),
(62, 1, 12),
(63, 2, 12),
(64, 3, 12),
(65, 1, 13),
(66, 4, 13),
(67, 1, 14),
(68, 4, 14),
(69, 5, 14),
(70, 4, 15),
(71, 4, 16),
(72, 1, 17),
(73, 4, 17),
(74, 5, 17),
(75, 4, 18),
(76, 4, 19),
(77, 1, 20),
(78, 4, 20),
(79, 5, 20),
(80, 1, 21),
(81, 4, 21),
(82, 5, 21);

-- --------------------------------------------------------

--
-- Table structure for table `user_allowances`
--

CREATE TABLE `user_allowances` (
  `user_allowance_id` int(11) NOT NULL,
  `user_allowance_title` varchar(255) DEFAULT NULL,
  `user_allowance_amount` decimal(10,0) DEFAULT NULL,
  `is_user_allowance_active` tinyint(1) DEFAULT NULL,
  `user_id` int(11) DEFAULT NULL,
  `salary_structure_id` int(11) NOT NULL,
  `updated_at` datetime DEFAULT NULL,
  `created_at` datetime DEFAULT NULL,
  `deleted_at` datetime DEFAULT NULL
) ENGINE=InnoDB DEFAULT CHARSET=latin1;

--
-- Dumping data for table `user_allowances`
--

INSERT INTO `user_allowances` (`user_allowance_id`, `user_allowance_title`, `user_allowance_amount`, `is_user_allowance_active`, `user_id`, `salary_structure_id`, `updated_at`, `created_at`, `deleted_at`) VALUES
(1, 'Home Allowance', '500', NULL, 5, 1, '2017-03-19 18:01:26', '2017-03-19 18:01:26', NULL),
(2, 'Home Allowance', '500', NULL, 3, 1, '2017-03-19 18:01:26', '2017-03-19 18:01:26', NULL),
(3, 'Home Allowance', '500', NULL, 2, 1, '2017-03-19 18:01:26', '2017-03-19 18:01:26', NULL);

-- --------------------------------------------------------

--
-- Table structure for table `user_deductions`
--

CREATE TABLE `user_deductions` (
  `user_deduction_id` int(11) NOT NULL,
  `user_deduction_name` varchar(50) DEFAULT NULL,
  `user_deduction_amount` decimal(10,0) DEFAULT NULL,
  `user_id` int(11) DEFAULT NULL,
  `salary_structure_id` int(11) NOT NULL,
  `updated_at` datetime DEFAULT NULL,
  `created_at` datetime DEFAULT NULL,
  `deleted_at` datetime DEFAULT NULL
) ENGINE=InnoDB DEFAULT CHARSET=latin1;

--
-- Dumping data for table `user_deductions`
--

INSERT INTO `user_deductions` (`user_deduction_id`, `user_deduction_name`, `user_deduction_amount`, `user_id`, `salary_structure_id`, `updated_at`, `created_at`, `deleted_at`) VALUES
(1, 'Visa deduction', '100', 5, 1, '2017-03-19 18:01:26', '2017-03-19 18:01:26', NULL),
(2, 'Visa deduction', '100', 3, 1, '2017-03-19 18:01:26', '2017-03-19 18:01:26', NULL),
(3, 'Visa deduction', '100', 2, 1, '2017-03-19 18:01:26', '2017-03-19 18:01:26', NULL);

-- --------------------------------------------------------

--
-- Table structure for table `user_emergency_contacts`
--

CREATE TABLE `user_emergency_contacts` (
  `user_emergency_contact_id` int(11) NOT NULL,
  `user_id` int(11) NOT NULL,
  `user_emergency_contact_name` varchar(50) NOT NULL,
  `user_emergency_contact_relation` varchar(50) DEFAULT NULL,
  `user_emergency_contact_phone1` varchar(50) NOT NULL,
  `user_emergency_contact_phone2` varchar(50) DEFAULT NULL,
  `created_at` datetime DEFAULT NULL,
  `updated_at` datetime DEFAULT NULL,
  `deleted_at` datetime DEFAULT NULL
) ENGINE=InnoDB DEFAULT CHARSET=latin1;

-- --------------------------------------------------------

--
-- Table structure for table `user_leaves`
--

CREATE TABLE `user_leaves` (
  `user_leave_id` int(11) NOT NULL,
  `user_id` int(11) DEFAULT NULL,
  `leave_date` timestamp NOT NULL DEFAULT CURRENT_TIMESTAMP ON UPDATE CURRENT_TIMESTAMP,
  `is_paid_leave` tinyint(1) DEFAULT NULL,
  `updated_at` datetime DEFAULT NULL,
  `created_at` datetime DEFAULT NULL,
  `deleted_at` datetime DEFAULT NULL
) ENGINE=InnoDB DEFAULT CHARSET=latin1;

-- --------------------------------------------------------

--
-- Table structure for table `user_roles`
--

CREATE TABLE `user_roles` (
  `user_role_id` int(11) NOT NULL,
  `user_id` int(11) DEFAULT NULL,
  `role_id` int(11) DEFAULT NULL,
  `created_at` datetime DEFAULT NULL,
  `updated_at` datetime DEFAULT NULL,
  `deleted_at` datetime DEFAULT NULL
) ENGINE=InnoDB DEFAULT CHARSET=latin1;

--
-- Dumping data for table `user_roles`
--

INSERT INTO `user_roles` (`user_role_id`, `user_id`, `role_id`, `created_at`, `updated_at`, `deleted_at`) VALUES
(7, 1, 40, '2017-03-04 10:47:42', '2019-03-09 15:08:42', NULL),
(8, 1, 11, '2017-03-04 10:47:42', '2017-03-04 10:47:42', NULL),
(9, 5, 3, NULL, NULL, NULL),
(10, 5, 1, NULL, NULL, NULL),
(11, 6, 3, NULL, NULL, NULL),
(12, 6, 1, NULL, NULL, NULL),
(13, 8, 3, NULL, NULL, NULL),
(14, 8, 1, NULL, NULL, NULL),
(15, 11, 1, NULL, NULL, NULL),
(18, 2, 33, '2018-01-17 07:06:34', '2018-01-17 07:06:34', NULL),
(19, 17, 19, '2019-01-26 15:50:07', NULL, NULL),
(23, 17, 17, '2019-01-26 16:31:07', NULL, NULL),
(24, 18, 40, '2019-02-02 18:46:13', NULL, NULL),
(26, 45, 4, '0000-00-00 00:00:00', NULL, NULL),
(27, 46, 6, '0000-00-00 00:00:00', NULL, NULL),
(28, 47, 3, '0000-00-00 00:00:00', '2019-03-08 16:10:24', NULL),
(29, 12, 6, '0000-00-00 00:00:00', NULL, NULL),
(30, 13, 1, '0000-00-00 00:00:00', NULL, NULL),
(31, 14, 1, '0000-00-00 00:00:00', NULL, NULL),
(32, 15, 1, '0000-00-00 00:00:00', NULL, NULL),
(33, 16, 2, '0000-00-00 00:00:00', NULL, NULL),
(34, 17, 3, '0000-00-00 00:00:00', NULL, NULL),
(35, 18, 4, '0000-00-00 00:00:00', NULL, NULL),
(36, 19, 4, '0000-00-00 00:00:00', NULL, NULL),
(37, 20, 1, '0000-00-00 00:00:00', NULL, NULL),
(38, 21, 1, '0000-00-00 00:00:00', NULL, NULL);

-- --------------------------------------------------------

--
-- Table structure for table `warehouses`
--

CREATE TABLE `warehouses` (
  `warehouse_id` int(11) NOT NULL,
  `warehouse_name` varchar(255) NOT NULL,
  `manager_user_id` int(11) DEFAULT NULL,
  `warehouse_address` varchar(255) DEFAULT NULL,
  `warehouse_phone_number` varchar(45) DEFAULT NULL,
  `updated_at` datetime DEFAULT NULL,
  `created_at` datetime DEFAULT NULL,
  `deleted_at` datetime DEFAULT NULL
) ENGINE=InnoDB DEFAULT CHARSET=latin1;

--
-- Dumping data for table `warehouses`
--

INSERT INTO `warehouses` (`warehouse_id`, `warehouse_name`, `manager_user_id`, `warehouse_address`, `warehouse_phone_number`, `updated_at`, `created_at`, `deleted_at`) VALUES
(1, 'Abingdon', NULL, '3359 New Sharp Hill Hwy, Frankfort, Kentucky, 28594', '(883) 630-3814', '1997-07-09 17:59:49', '2007-09-08 19:25:35', NULL),
(2, 'Brokaw', 1, '98 Mountain Ct, Boston, Massachusetts, 17962', '(982) 501-5500', '2018-02-09 08:25:48', '1979-06-04 04:53:00', '2018-02-09 08:25:48'),
(3, 'Murdock', 3, '51 New Parkwood Ct, Penobscot Building, Pierre, SD, 81207', '(917) 859-0982', '1982-08-01 10:10:19', '1998-04-07 14:31:01', NULL),
(4, 'Warehouse 1', 2, 'Murdockcsads', '324342', '2017-03-16 04:33:38', '2017-03-16 04:33:08', '2017-03-16 04:33:38'),
(5, 'warehouse 4', 2, 'warehouse address', '3232323', '2017-03-16 04:35:14', '2017-03-16 04:33:30', '2017-03-16 04:35:14'),
(6, 'warehouse 5', 1, 'warehouse 5', '442332', '2017-03-16 04:35:14', '2017-03-16 04:34:02', '2017-03-16 04:35:14'),
(7, 'location 5', NULL, 'location address', 'location phone', NULL, NULL, NULL),
(9, 'location 55', NULL, 'location address', 'location phone', NULL, NULL, NULL),
(11, 'location 56', NULL, 'location address', 'location phone', NULL, NULL, NULL),
(12, 'location 57', NULL, 'location address', 'location phone', NULL, NULL, NULL),
(13, 'test location', 2, 'test address', '123212321', '2017-03-20 10:47:19', '2017-03-20 10:47:19', NULL),
(14, 'Test location 2', NULL, 'test address', NULL, NULL, NULL, NULL),
(15, 'Test location 23', NULL, 'test address', NULL, NULL, NULL, NULL),
(17, 'Test location 233', NULL, 'test address', NULL, NULL, NULL, NULL),
(18, 'Arman Location', 1, 'test', '123', '0000-00-00 00:00:00', '2017-04-19 06:03:03', NULL),
(19, 'Warehouse Name', NULL, 'Warehouse Address', 'Warehouse Phone Number', NULL, '0000-00-00 00:00:00', NULL),
(20, 'warehouse 8', 1, 'north nazimabad', '04312313234', '0000-00-00 00:00:00', '0000-00-00 00:00:00', NULL),
(21, 'warehouse test1', 18, 'abc', '123', '0000-00-00 00:00:00', '0000-00-00 00:00:00', NULL),
(22, 'PC', 18, 'Karachi', '24782376123', NULL, '0000-00-00 00:00:00', NULL);

--
-- Indexes for dumped tables
--

--
-- Indexes for table `account_types`
--
ALTER TABLE `account_types`
  ADD PRIMARY KEY (`account_type_id`);

--
-- Indexes for table `admin_data_permission`
--
ALTER TABLE `admin_data_permission`
  ADD PRIMARY KEY (`id`),
  ADD KEY `id` (`id`);

--
-- Indexes for table `admin_module_list`
--
ALTER TABLE `admin_module_list`
  ADD PRIMARY KEY (`id`);

--
-- Indexes for table `admin_module_permission`
--
ALTER TABLE `admin_module_permission`
  ADD PRIMARY KEY (`id`);

--
-- Indexes for table `attendances`
--
ALTER TABLE `attendances`
  ADD PRIMARY KEY (`attendance_id`),
  ADD KEY `attendance_users_user_id_fk` (`user_id`);

--
-- Indexes for table `attendance_hours`
--
ALTER TABLE `attendance_hours`
  ADD PRIMARY KEY (`attendance_hour_id`);

--
-- Indexes for table `banks`
--
ALTER TABLE `banks`
  ADD PRIMARY KEY (`bank_id`);

--
-- Indexes for table `bookings`
--
ALTER TABLE `bookings`
  ADD PRIMARY KEY (`booking_id`),
  ADD KEY `FK_bookings_customers_customer_id` (`customer_id`),
  ADD KEY `FK_bookings_tables_table_id` (`table_id`),
  ADD KEY `FK_bookings_users_user_id` (`booking_by`),
  ADD KEY `FK_bookings_cancel_users_user_id` (`booking_cancelled_by`);

--
-- Indexes for table `campaign`
--
ALTER TABLE `campaign`
  ADD PRIMARY KEY (`campaign_id`),
  ADD KEY `role_name_UNIQUE` (`campaign_name`) USING BTREE;

--
-- Indexes for table `categories`
--
ALTER TABLE `categories`
  ADD PRIMARY KEY (`category_id`),
  ADD KEY `categories_categories_category_id_fk` (`parent_category_id`);

--
-- Indexes for table `center`
--
ALTER TABLE `center`
  ADD PRIMARY KEY (`center_id`),
  ADD KEY `role_name_UNIQUE` (`center_name`) USING BTREE;

--
-- Indexes for table `company_holidays`
--
ALTER TABLE `company_holidays`
  ADD PRIMARY KEY (`company_holiday_id`);

--
-- Indexes for table `currency`
--
ALTER TABLE `currency`
  ADD PRIMARY KEY (`currency_id`),
  ADD KEY `role_name_UNIQUE` (`currency_name`) USING BTREE;

--
-- Indexes for table `customers`
--
ALTER TABLE `customers`
  ADD PRIMARY KEY (`customer_id`);

--
-- Indexes for table `customer_addresses`
--
ALTER TABLE `customer_addresses`
  ADD PRIMARY KEY (`customer_address_id`);

--
-- Indexes for table `customer_info`
--
ALTER TABLE `customer_info`
  ADD PRIMARY KEY (`customer_info_id`);

--
-- Indexes for table `daily_registers`
--
ALTER TABLE `daily_registers`
  ADD PRIMARY KEY (`daily_register_id`),
  ADD KEY `FK_daily_register_users_user_id` (`register_open_by`);

--
-- Indexes for table `deal`
--
ALTER TABLE `deal`
  ADD PRIMARY KEY (`deal_id`),
  ADD KEY `role_name_UNIQUE` (`admin_id`) USING BTREE;

--
-- Indexes for table `deal_logs`
--
ALTER TABLE `deal_logs`
  ADD PRIMARY KEY (`id`);

--
-- Indexes for table `deal_product`
--
ALTER TABLE `deal_product`
  ADD PRIMARY KEY (`deal_product_id`);

--
-- Indexes for table `departments`
--
ALTER TABLE `departments`
  ADD PRIMARY KEY (`department_id`);

--
-- Indexes for table `documents`
--
ALTER TABLE `documents`
  ADD PRIMARY KEY (`document_id`),
  ADD KEY `documents_document_types_document_type_id_fk` (`document_type_id`),
  ADD KEY `documents_users_user_id_fk` (`uploaded_by_user_id`);

--
-- Indexes for table `document_fields`
--
ALTER TABLE `document_fields`
  ADD PRIMARY KEY (`document_field_id`),
  ADD KEY `document_fields_document_type_fields_document_type_field_id_fk` (`document_type_field_id`),
  ADD KEY `FK_document_fields_documents_document_id` (`document_id`);

--
-- Indexes for table `document_types`
--
ALTER TABLE `document_types`
  ADD PRIMARY KEY (`document_type_id`);

--
-- Indexes for table `document_type_fields`
--
ALTER TABLE `document_type_fields`
  ADD PRIMARY KEY (`document_type_field_id`),
  ADD KEY `document_type_fields_document_types_document_type_id_fk` (`document_type_id`);

--
-- Indexes for table `gl_accounts`
--
ALTER TABLE `gl_accounts`
  ADD PRIMARY KEY (`gl_account_id`),
  ADD KEY `gl_accounts_gl_accounts_gl_account_id_fk` (`parent_gl_account_id`),
  ADD KEY `FK_gl_accounts_account_types_account_type_id` (`account_type_id`);

--
-- Indexes for table `hold_orders`
--
ALTER TABLE `hold_orders`
  ADD PRIMARY KEY (`hold_order_id`),
  ADD UNIQUE KEY `hold_orders_hold_order_id_uindex` (`hold_order_id`),
  ADD KEY `hold_orders_customers_customer_id_fk` (`customer_id`);

--
-- Indexes for table `hold_order_items`
--
ALTER TABLE `hold_order_items`
  ADD PRIMARY KEY (`hold_order_item_id`),
  ADD KEY `FK_hold_order_items_hold_orders_hold_order_id` (`hold_order_id`),
  ADD KEY `FK_hold_order_items_products_product_id` (`product_id`);

--
-- Indexes for table `insert_notes`
--
ALTER TABLE `insert_notes`
  ADD PRIMARY KEY (`insert_notes_id`);

--
-- Indexes for table `job_order`
--
ALTER TABLE `job_order`
  ADD PRIMARY KEY (`job_id`);

--
-- Indexes for table `journal_entries`
--
ALTER TABLE `journal_entries`
  ADD PRIMARY KEY (`journal_entry_id`),
  ADD KEY `journal_entries_gl_accounts_gl_account_id_fk` (`gl_account_id`),
  ADD KEY `journal_entries_users_user_id_fk` (`entry_made_by_user_id`),
  ADD KEY `FK_journal_entries_purchase_orders_purchase_order_id` (`purchase_order_id`),
  ADD KEY `FK_journal_entries_sales_orders_sales_order_id` (`sales_order_id`);

--
-- Indexes for table `loan_info`
--
ALTER TABLE `loan_info`
  ADD PRIMARY KEY (`loan_info_id`);

--
-- Indexes for table `login`
--
ALTER TABLE `login`
  ADD PRIMARY KEY (`id`);

--
-- Indexes for table `logs`
--
ALTER TABLE `logs`
  ADD PRIMARY KEY (`id`);

--
-- Indexes for table `navigations`
--
ALTER TABLE `navigations`
  ADD PRIMARY KEY (`navigation_id`),
  ADD KEY `FK_NAV_SELF_idx` (`parent_id`);

--
-- Indexes for table `payment_detail`
--
ALTER TABLE `payment_detail`
  ADD PRIMARY KEY (`payment_detail_id`);

--
-- Indexes for table `payment_info`
--
ALTER TABLE `payment_info`
  ADD PRIMARY KEY (`payment_info_id`);

--
-- Indexes for table `payroll_runs`
--
ALTER TABLE `payroll_runs`
  ADD PRIMARY KEY (`payroll_run_id`),
  ADD KEY `payroll_run_users_user_id_fk` (`payroll_created_by`);

--
-- Indexes for table `payroll_run_details`
--
ALTER TABLE `payroll_run_details`
  ADD PRIMARY KEY (`payroll_run_detail_id`),
  ADD KEY `payroll_run_details_payroll_runs_payroll_run_id_fk` (`payroll_run_id`),
  ADD KEY `payroll_run_details_users_user_id_fk` (`employee_user_id`);

--
-- Indexes for table `payroll_run_detail_items`
--
ALTER TABLE `payroll_run_detail_items`
  ADD PRIMARY KEY (`payroll_run_detail_item_id`),
  ADD KEY `payroll_items_payroll_run_details_payroll_run_detail_id_fk` (`payroll_run_detail_id`);

--
-- Indexes for table `post_dated_cheques`
--
ALTER TABLE `post_dated_cheques`
  ADD PRIMARY KEY (`post_dated_cheque_id`),
  ADD KEY `posted_dated_cheques_customers_customer_id_fk` (`customer_id`),
  ADD KEY `posted_dated_cheques_users_user_id_fk` (`received_by_user_id`);

--
-- Indexes for table `products`
--
ALTER TABLE `products`
  ADD PRIMARY KEY (`product_id`),
  ADD KEY `fk_products_uom_idx` (`unit_of_measurement`),
  ADD KEY `products_product_brands_product_brand_id_fk` (`product_brand_id`),
  ADD KEY `products_tax_rates_tax_rate_id_fk` (`tax_rate_id`);

--
-- Indexes for table `product_barcodes`
--
ALTER TABLE `product_barcodes`
  ADD PRIMARY KEY (`product_barcode_id`),
  ADD UNIQUE KEY `barcode_UNIQUE` (`barcode`),
  ADD KEY `fk_product_barcodes_product_idx` (`product_id`);

--
-- Indexes for table `product_brands`
--
ALTER TABLE `product_brands`
  ADD PRIMARY KEY (`product_brand_id`);

--
-- Indexes for table `product_categories`
--
ALTER TABLE `product_categories`
  ADD PRIMARY KEY (`product_category_id`),
  ADD UNIQUE KEY `product_categories_product_id_category_id_uindex` (`product_id`,`category_id`),
  ADD KEY `product_categories_categories_category_id_fk` (`category_id`);

--
-- Indexes for table `product_combos`
--
ALTER TABLE `product_combos`
  ADD PRIMARY KEY (`product_combo_id`),
  ADD UNIQUE KEY `product_combos_related_product_id_product_id_uindex` (`related_product_id`,`product_id`),
  ADD KEY `fk_product_product_idx` (`product_id`);

--
-- Indexes for table `product_locations`
--
ALTER TABLE `product_locations`
  ADD PRIMARY KEY (`product_location_id`),
  ADD UNIQUE KEY `product_locations_product_id_warehouse_id_uindex` (`product_id`,`warehouse_id`),
  ADD KEY `product_locations_warehouses_warehouse_id_fk` (`warehouse_id`);

--
-- Indexes for table `product_recipes`
--
ALTER TABLE `product_recipes`
  ADD PRIMARY KEY (`product_recipe_id`),
  ADD KEY `FK_product_recipes_products_product_id` (`product_id`),
  ADD KEY `FK_product_related_product_id` (`related_product_id`),
  ADD KEY `FK_product_recipes_unit_of_measurements_uom_id` (`related_product_uom_id`);

--
-- Indexes for table `product_suppliers`
--
ALTER TABLE `product_suppliers`
  ADD PRIMARY KEY (`product_supplier_id`),
  ADD UNIQUE KEY `product_suppliers_product_id_supplier_id_uindex` (`product_id`,`supplier_id`),
  ADD KEY `product_suppliers_suppliers_supplier_id_fk` (`supplier_id`);

--
-- Indexes for table `purchase_invoices`
--
ALTER TABLE `purchase_invoices`
  ADD PRIMARY KEY (`purchase_invoice_id`),
  ADD KEY `purchase_invoice_purchase_orders_purchase_order_id_fk` (`from_purchase_order_id`),
  ADD KEY `purchase_invoice_suppliers_supplier_id_fk` (`supplier_id`),
  ADD KEY `purchase_invoice_users_user_id_fk` (`invoice_entered_by_user_id`);

--
-- Indexes for table `purchase_invoice_items`
--
ALTER TABLE `purchase_invoice_items`
  ADD PRIMARY KEY (`purchase_invoice_item_id`),
  ADD KEY `purchase_imvoice_items_products_product_id_fk` (`product_id`),
  ADD KEY `purchase_invoice_items_purchase_invoices_purchase_invoice_id_fk` (`purchase_invoice_id`);

--
-- Indexes for table `purchase_invoice_payments`
--
ALTER TABLE `purchase_invoice_payments`
  ADD PRIMARY KEY (`purchase_invoice_payment_id`),
  ADD KEY `purchase_invoice_payments_p_i_purchase_invoice_id_fk` (`purchase_invoice_id`),
  ADD KEY `purchase_invoice_payments_users_user_id_fk` (`payment_entered_by_user_id`);

--
-- Indexes for table `purchase_invoice_returns`
--
ALTER TABLE `purchase_invoice_returns`
  ADD PRIMARY KEY (`purchase_invoice_return_id`),
  ADD KEY `FK_PII_PIID` (`purchase_invoice_id`);

--
-- Indexes for table `purchase_invoice_return_items`
--
ALTER TABLE `purchase_invoice_return_items`
  ADD PRIMARY KEY (`purchase_invoice_return_item_id`),
  ADD KEY `FK_purchaseir_piir` (`purchase_invoice_item_id`),
  ADD KEY `PK_Child_Id_Master_Id` (`purchase_invoice_return_id`);

--
-- Indexes for table `purchase_orders`
--
ALTER TABLE `purchase_orders`
  ADD PRIMARY KEY (`purchase_order_id`),
  ADD KEY `purchase_orders_suppliers_supplier_id_fk` (`supplier_id`),
  ADD KEY `purchase_orders_users_user_id_fk` (`purchase_order_made_by_user_id`),
  ADD KEY `purchase_orders_warehouses_warehouse_id_fk` (`warehouse_id`);

--
-- Indexes for table `purchase_order_items`
--
ALTER TABLE `purchase_order_items`
  ADD PRIMARY KEY (`purchase_order_item_id`),
  ADD KEY `purchase_order_items_products_product_id_fk` (`product_id`),
  ADD KEY `purchase_order_items_purchase_orders_purchase_order_id_fk` (`purchase_order_id`);

--
-- Indexes for table `region`
--
ALTER TABLE `region`
  ADD PRIMARY KEY (`region_id`),
  ADD KEY `role_name_UNIQUE` (`region_name`) USING BTREE;

--
-- Indexes for table `reports`
--
ALTER TABLE `reports`
  ADD PRIMARY KEY (`report_id`),
  ADD UNIQUE KEY `reports_report_name_uindex` (`report_name`);

--
-- Indexes for table `report_roles`
--
ALTER TABLE `report_roles`
  ADD PRIMARY KEY (`report_role_id`),
  ADD UNIQUE KEY `report_roles_report_id_role_id_uindex` (`report_id`,`role_id`),
  ADD KEY `report_roles_roles_role_id_fk` (`role_id`);

--
-- Indexes for table `roles`
--
ALTER TABLE `roles`
  ADD PRIMARY KEY (`role_id`),
  ADD UNIQUE KEY `role_name_UNIQUE` (`role_name`);

--
-- Indexes for table `role_navigations`
--
ALTER TABLE `role_navigations`
  ADD PRIMARY KEY (`role_navigation_id`),
  ADD KEY `fk_role_nav_navigation_idx` (`navigation_id`),
  ADD KEY `fk_role_nav_role_idx` (`role_id`);

--
-- Indexes for table `salary_components`
--
ALTER TABLE `salary_components`
  ADD PRIMARY KEY (`salary_component_id`);

--
-- Indexes for table `salary_structures`
--
ALTER TABLE `salary_structures`
  ADD PRIMARY KEY (`salary_structure_id`);

--
-- Indexes for table `sales_invoices`
--
ALTER TABLE `sales_invoices`
  ADD PRIMARY KEY (`sales_invoice_id`),
  ADD KEY `sales_invoices_customers_customer_id_fk` (`customer_id`),
  ADD KEY `sales_invoices_sales_orders_sales_order_id_fk` (`sales_order_id`),
  ADD KEY `sales_invoices_users_user_id_fk` (`invoice_made_by_user_id`);

--
-- Indexes for table `sales_invoice_items`
--
ALTER TABLE `sales_invoice_items`
  ADD PRIMARY KEY (`sales_invoice_item_id`),
  ADD KEY `sales_invoice_items_products_product_id_fk` (`product_id`),
  ADD KEY `sales_invoice_items_sales_invoices_sales_invoice_id_fk` (`sales_invoice_id`);

--
-- Indexes for table `sales_invoice_payments`
--
ALTER TABLE `sales_invoice_payments`
  ADD PRIMARY KEY (`sales_invoice_payment_id`),
  ADD KEY `sales_invoice_payments_sales_invoices_sales_invoice_id_fk` (`sales_invoice_id`),
  ADD KEY `sales_invoice_payments_users_user_id_fk` (`payment_entered_by_user_id`);

--
-- Indexes for table `sales_invoice_returns`
--
ALTER TABLE `sales_invoice_returns`
  ADD PRIMARY KEY (`sales_invoice_return_id`),
  ADD KEY `FK_sales_invoice_returns_sales_invoices_sales_invoice_id` (`sales_invoice_id`),
  ADD KEY `FK_sales_invoice_returns_users_user_id` (`sales_return_by`);

--
-- Indexes for table `sales_invoice_return_items`
--
ALTER TABLE `sales_invoice_return_items`
  ADD PRIMARY KEY (`sales_invoice_return_item_id`),
  ADD KEY `FK_sir_siid` (`sales_invoice_item_id`),
  ADD KEY `FK_SIRI_SIR` (`sales_invoice_return_id`);

--
-- Indexes for table `sales_orders`
--
ALTER TABLE `sales_orders`
  ADD PRIMARY KEY (`sales_order_id`),
  ADD KEY `sales_order_customers_customer_id_fk` (`customer_id`),
  ADD KEY `sales_order_users_user_id_fk` (`sales_order_made_by_user_id`);

--
-- Indexes for table `sales_order_items`
--
ALTER TABLE `sales_order_items`
  ADD PRIMARY KEY (`sales_order_item_id`),
  ADD KEY `sales_order_items_products_product_id_fk` (`product_id`),
  ADD KEY `sales_order_items_sales_orders_sales_order_id_fk` (`sales_order_id`),
  ADD KEY `FK_sales_order_items_warehouses_warehouse_id` (`warehouse_id`);

--
-- Indexes for table `settings`
--
ALTER TABLE `settings`
  ADD PRIMARY KEY (`setting_id`),
  ADD UNIQUE KEY `UK_settings_key` (`key`);

--
-- Indexes for table `shift`
--
ALTER TABLE `shift`
  ADD PRIMARY KEY (`shift_id`),
  ADD KEY `role_name_UNIQUE` (`shift_name`) USING BTREE;

--
-- Indexes for table `stock_adjustments`
--
ALTER TABLE `stock_adjustments`
  ADD PRIMARY KEY (`stock_adjustment_id`),
  ADD KEY `fk_sa_adjusted_user_idx` (`adjusted_by_user_id`),
  ADD KEY `fk_sa_warehouse_idx` (`warehouse_id`),
  ADD KEY `fk_stock_adjustment_user_posted_by_idx` (`posted_by_user_id`,`adjusted_by_user_id`);

--
-- Indexes for table `stock_adjustment_items`
--
ALTER TABLE `stock_adjustment_items`
  ADD PRIMARY KEY (`stock_adjustment_item_id`),
  ADD KEY `fk_sai_product_idx` (`product_id`),
  ADD KEY `fk_sai_si_idx` (`stock_adjustment_id`);

--
-- Indexes for table `stock_counts`
--
ALTER TABLE `stock_counts`
  ADD PRIMARY KEY (`stock_count_id`),
  ADD KEY `fk_stock_count_user_idx` (`count_performed_by_user_id`),
  ADD KEY `fk_stock_count_warehouse_idx` (`warehouse_id`);

--
-- Indexes for table `stock_count_items`
--
ALTER TABLE `stock_count_items`
  ADD PRIMARY KEY (`stock_count_item_id`),
  ADD KEY `fk_sci_product_idx` (`product_id`),
  ADD KEY `fk_sci_sc_idx` (`stock_count_id`);

--
-- Indexes for table `stock_transfers`
--
ALTER TABLE `stock_transfers`
  ADD PRIMARY KEY (`stock_transfer_id`),
  ADD KEY `fk_stock_transfer_user_idx` (`transfer_performed_by_user_id`),
  ADD KEY `fk_stock_transfer_warehouse_idx` (`from_warehouse_id`),
  ADD KEY `FK_stock_transfers_to_warehouses_warehouse_id` (`to_warehouse_id`);

--
-- Indexes for table `stock_transfer_items`
--
ALTER TABLE `stock_transfer_items`
  ADD PRIMARY KEY (`stock_transfer_item_id`),
  ADD KEY `fk_sci_product_idx` (`product_id`),
  ADD KEY `fk_sci_sc_idx` (`stock_transfer_id`);

--
-- Indexes for table `suppliers`
--
ALTER TABLE `suppliers`
  ADD PRIMARY KEY (`supplier_id`),
  ADD UNIQUE KEY `supplier_name_UNIQUE` (`title`);

--
-- Indexes for table `tables`
--
ALTER TABLE `tables`
  ADD PRIMARY KEY (`table_id`);

--
-- Indexes for table `tax_rates`
--
ALTER TABLE `tax_rates`
  ADD PRIMARY KEY (`tax_rate_id`),
  ADD UNIQUE KEY `tax_rates_tax_rate_name_uindex` (`tax_rate_name`);

--
-- Indexes for table `unit_of_measurements`
--
ALTER TABLE `unit_of_measurements`
  ADD PRIMARY KEY (`uom_id`),
  ADD UNIQUE KEY `units_of_measurement_UNIQUE` (`unit_name`),
  ADD KEY `FK_unit_of_measurements_unit_of_measurements_uom_id` (`base_unit_id`);

--
-- Indexes for table `users`
--
ALTER TABLE `users`
  ADD PRIMARY KEY (`user_id`),
  ADD UNIQUE KEY `email_UNIQUE` (`email`),
  ADD UNIQUE KEY `username_UNIQUE` (`username`),
  ADD KEY `users_departments_department_id_fk` (`department_id`);

--
-- Indexes for table `users_campaign`
--
ALTER TABLE `users_campaign`
  ADD PRIMARY KEY (`users_campaign_id`);

--
-- Indexes for table `users_products`
--
ALTER TABLE `users_products`
  ADD PRIMARY KEY (`users_products_id`);

--
-- Indexes for table `users_shift`
--
ALTER TABLE `users_shift`
  ADD PRIMARY KEY (`users_shift_id`);

--
-- Indexes for table `user_allowances`
--
ALTER TABLE `user_allowances`
  ADD PRIMARY KEY (`user_allowance_id`),
  ADD KEY `user_allowances_users_user_id_fk` (`user_id`),
  ADD KEY `FK_user_allowances_salary_structure_salary_structure_id` (`salary_structure_id`);

--
-- Indexes for table `user_deductions`
--
ALTER TABLE `user_deductions`
  ADD PRIMARY KEY (`user_deduction_id`),
  ADD KEY `user_deductions_users_user_id_fk` (`user_id`),
  ADD KEY `FK_user_deductions_salary_structure_salary_structure_id` (`salary_structure_id`);

--
-- Indexes for table `user_emergency_contacts`
--
ALTER TABLE `user_emergency_contacts`
  ADD PRIMARY KEY (`user_emergency_contact_id`),
  ADD KEY `FK1_user_emergency_contact_user` (`user_id`);

--
-- Indexes for table `user_leaves`
--
ALTER TABLE `user_leaves`
  ADD PRIMARY KEY (`user_leave_id`),
  ADD KEY `user_leaves_users_user_id_fk` (`user_id`);

--
-- Indexes for table `user_roles`
--
ALTER TABLE `user_roles`
  ADD PRIMARY KEY (`user_role_id`),
  ADD UNIQUE KEY `user_roles_user_id_role_id_uindex` (`user_id`,`role_id`),
  ADD KEY `user_roles_roles_role_id_fk` (`role_id`);

--
-- Indexes for table `warehouses`
--
ALTER TABLE `warehouses`
  ADD PRIMARY KEY (`warehouse_id`),
  ADD UNIQUE KEY `warehouse_name_UNIQUE` (`warehouse_name`),
  ADD KEY `fk_warehouse_manager_idx` (`manager_user_id`);

--
-- AUTO_INCREMENT for dumped tables
--

--
-- AUTO_INCREMENT for table `account_types`
--
ALTER TABLE `account_types`
  MODIFY `account_type_id` int(11) NOT NULL AUTO_INCREMENT, AUTO_INCREMENT=7;

--
-- AUTO_INCREMENT for table `admin_data_permission`
--
ALTER TABLE `admin_data_permission`
  MODIFY `id` int(11) NOT NULL AUTO_INCREMENT;

--
-- AUTO_INCREMENT for table `admin_module_list`
--
ALTER TABLE `admin_module_list`
  MODIFY `id` int(11) NOT NULL AUTO_INCREMENT, AUTO_INCREMENT=55;

--
-- AUTO_INCREMENT for table `admin_module_permission`
--
ALTER TABLE `admin_module_permission`
  MODIFY `id` int(11) NOT NULL AUTO_INCREMENT, AUTO_INCREMENT=4;

--
-- AUTO_INCREMENT for table `attendances`
--
ALTER TABLE `attendances`
  MODIFY `attendance_id` int(11) NOT NULL AUTO_INCREMENT, AUTO_INCREMENT=211;

--
-- AUTO_INCREMENT for table `attendance_hours`
--
ALTER TABLE `attendance_hours`
  MODIFY `attendance_hour_id` int(11) NOT NULL AUTO_INCREMENT, AUTO_INCREMENT=36;

--
-- AUTO_INCREMENT for table `banks`
--
ALTER TABLE `banks`
  MODIFY `bank_id` int(11) NOT NULL AUTO_INCREMENT, AUTO_INCREMENT=2;

--
-- AUTO_INCREMENT for table `bookings`
--
ALTER TABLE `bookings`
  MODIFY `booking_id` int(11) NOT NULL AUTO_INCREMENT;

--
-- AUTO_INCREMENT for table `campaign`
--
ALTER TABLE `campaign`
  MODIFY `campaign_id` int(11) NOT NULL AUTO_INCREMENT, AUTO_INCREMENT=7;

--
-- AUTO_INCREMENT for table `categories`
--
ALTER TABLE `categories`
  MODIFY `category_id` int(11) NOT NULL AUTO_INCREMENT, AUTO_INCREMENT=10;

--
-- AUTO_INCREMENT for table `center`
--
ALTER TABLE `center`
  MODIFY `center_id` int(11) NOT NULL AUTO_INCREMENT, AUTO_INCREMENT=5;

--
-- AUTO_INCREMENT for table `company_holidays`
--
ALTER TABLE `company_holidays`
  MODIFY `company_holiday_id` int(11) NOT NULL AUTO_INCREMENT;

--
-- AUTO_INCREMENT for table `currency`
--
ALTER TABLE `currency`
  MODIFY `currency_id` int(11) NOT NULL AUTO_INCREMENT, AUTO_INCREMENT=8;

--
-- AUTO_INCREMENT for table `customers`
--
ALTER TABLE `customers`
  MODIFY `customer_id` int(11) NOT NULL AUTO_INCREMENT, AUTO_INCREMENT=4;

--
-- AUTO_INCREMENT for table `customer_addresses`
--
ALTER TABLE `customer_addresses`
  MODIFY `customer_address_id` int(11) NOT NULL AUTO_INCREMENT;

--
-- AUTO_INCREMENT for table `customer_info`
--
ALTER TABLE `customer_info`
  MODIFY `customer_info_id` int(11) NOT NULL AUTO_INCREMENT, AUTO_INCREMENT=19;

--
-- AUTO_INCREMENT for table `daily_registers`
--
ALTER TABLE `daily_registers`
  MODIFY `daily_register_id` int(11) NOT NULL AUTO_INCREMENT, AUTO_INCREMENT=3;

--
-- AUTO_INCREMENT for table `deal`
--
ALTER TABLE `deal`
  MODIFY `deal_id` int(11) NOT NULL AUTO_INCREMENT, AUTO_INCREMENT=20;

--
-- AUTO_INCREMENT for table `deal_logs`
--
ALTER TABLE `deal_logs`
  MODIFY `id` int(11) NOT NULL AUTO_INCREMENT, AUTO_INCREMENT=17;

--
-- AUTO_INCREMENT for table `deal_product`
--
ALTER TABLE `deal_product`
  MODIFY `deal_product_id` int(11) NOT NULL AUTO_INCREMENT, AUTO_INCREMENT=14;

--
-- AUTO_INCREMENT for table `departments`
--
ALTER TABLE `departments`
  MODIFY `department_id` int(11) NOT NULL AUTO_INCREMENT, AUTO_INCREMENT=44;

--
-- AUTO_INCREMENT for table `documents`
--
ALTER TABLE `documents`
  MODIFY `document_id` int(11) NOT NULL AUTO_INCREMENT, AUTO_INCREMENT=6;

--
-- AUTO_INCREMENT for table `document_fields`
--
ALTER TABLE `document_fields`
  MODIFY `document_field_id` int(11) NOT NULL AUTO_INCREMENT, AUTO_INCREMENT=16;

--
-- AUTO_INCREMENT for table `document_types`
--
ALTER TABLE `document_types`
  MODIFY `document_type_id` int(11) NOT NULL AUTO_INCREMENT, AUTO_INCREMENT=5;

--
-- AUTO_INCREMENT for table `document_type_fields`
--
ALTER TABLE `document_type_fields`
  MODIFY `document_type_field_id` int(11) NOT NULL AUTO_INCREMENT, AUTO_INCREMENT=12;

--
-- AUTO_INCREMENT for table `gl_accounts`
--
ALTER TABLE `gl_accounts`
  MODIFY `gl_account_id` int(11) NOT NULL AUTO_INCREMENT, AUTO_INCREMENT=13;

--
-- AUTO_INCREMENT for table `hold_orders`
--
ALTER TABLE `hold_orders`
  MODIFY `hold_order_id` int(11) NOT NULL AUTO_INCREMENT, AUTO_INCREMENT=14;

--
-- AUTO_INCREMENT for table `hold_order_items`
--
ALTER TABLE `hold_order_items`
  MODIFY `hold_order_item_id` int(11) NOT NULL AUTO_INCREMENT, AUTO_INCREMENT=3;

--
-- AUTO_INCREMENT for table `insert_notes`
--
ALTER TABLE `insert_notes`
  MODIFY `insert_notes_id` int(11) NOT NULL AUTO_INCREMENT, AUTO_INCREMENT=12;

--
-- AUTO_INCREMENT for table `job_order`
--
ALTER TABLE `job_order`
  MODIFY `job_id` int(11) NOT NULL AUTO_INCREMENT, AUTO_INCREMENT=8;

--
-- AUTO_INCREMENT for table `journal_entries`
--
ALTER TABLE `journal_entries`
  MODIFY `journal_entry_id` int(11) NOT NULL AUTO_INCREMENT, AUTO_INCREMENT=19;

--
-- AUTO_INCREMENT for table `loan_info`
--
ALTER TABLE `loan_info`
  MODIFY `loan_info_id` int(11) NOT NULL AUTO_INCREMENT, AUTO_INCREMENT=18;

--
-- AUTO_INCREMENT for table `login`
--
ALTER TABLE `login`
  MODIFY `id` int(11) NOT NULL AUTO_INCREMENT, AUTO_INCREMENT=2;

--
-- AUTO_INCREMENT for table `logs`
--
ALTER TABLE `logs`
  MODIFY `id` int(11) NOT NULL AUTO_INCREMENT, AUTO_INCREMENT=37;

--
-- AUTO_INCREMENT for table `navigations`
--
ALTER TABLE `navigations`
  MODIFY `navigation_id` int(11) NOT NULL AUTO_INCREMENT, AUTO_INCREMENT=45;

--
-- AUTO_INCREMENT for table `payment_detail`
--
ALTER TABLE `payment_detail`
  MODIFY `payment_detail_id` int(11) NOT NULL AUTO_INCREMENT, AUTO_INCREMENT=18;

--
-- AUTO_INCREMENT for table `payment_info`
--
ALTER TABLE `payment_info`
  MODIFY `payment_info_id` int(11) NOT NULL AUTO_INCREMENT, AUTO_INCREMENT=12;

--
-- AUTO_INCREMENT for table `payroll_runs`
--
ALTER TABLE `payroll_runs`
  MODIFY `payroll_run_id` int(11) NOT NULL AUTO_INCREMENT, AUTO_INCREMENT=19;

--
-- AUTO_INCREMENT for table `payroll_run_details`
--
ALTER TABLE `payroll_run_details`
  MODIFY `payroll_run_detail_id` int(11) NOT NULL AUTO_INCREMENT, AUTO_INCREMENT=14;

--
-- AUTO_INCREMENT for table `payroll_run_detail_items`
--
ALTER TABLE `payroll_run_detail_items`
  MODIFY `payroll_run_detail_item_id` int(11) NOT NULL AUTO_INCREMENT;

--
-- AUTO_INCREMENT for table `post_dated_cheques`
--
ALTER TABLE `post_dated_cheques`
  MODIFY `post_dated_cheque_id` int(11) NOT NULL AUTO_INCREMENT;

--
-- AUTO_INCREMENT for table `products`
--
ALTER TABLE `products`
  MODIFY `product_id` int(11) NOT NULL AUTO_INCREMENT, AUTO_INCREMENT=11;

--
-- AUTO_INCREMENT for table `product_barcodes`
--
ALTER TABLE `product_barcodes`
  MODIFY `product_barcode_id` int(11) NOT NULL AUTO_INCREMENT;

--
-- AUTO_INCREMENT for table `product_brands`
--
ALTER TABLE `product_brands`
  MODIFY `product_brand_id` int(11) NOT NULL AUTO_INCREMENT, AUTO_INCREMENT=104;

--
-- AUTO_INCREMENT for table `product_categories`
--
ALTER TABLE `product_categories`
  MODIFY `product_category_id` int(11) NOT NULL AUTO_INCREMENT, AUTO_INCREMENT=7;

--
-- AUTO_INCREMENT for table `product_combos`
--
ALTER TABLE `product_combos`
  MODIFY `product_combo_id` int(11) NOT NULL AUTO_INCREMENT;

--
-- AUTO_INCREMENT for table `product_locations`
--
ALTER TABLE `product_locations`
  MODIFY `product_location_id` int(11) NOT NULL AUTO_INCREMENT, AUTO_INCREMENT=34;

--
-- AUTO_INCREMENT for table `product_recipes`
--
ALTER TABLE `product_recipes`
  MODIFY `product_recipe_id` int(11) NOT NULL AUTO_INCREMENT;

--
-- AUTO_INCREMENT for table `product_suppliers`
--
ALTER TABLE `product_suppliers`
  MODIFY `product_supplier_id` int(11) NOT NULL AUTO_INCREMENT, AUTO_INCREMENT=27;

--
-- AUTO_INCREMENT for table `purchase_invoices`
--
ALTER TABLE `purchase_invoices`
  MODIFY `purchase_invoice_id` int(11) NOT NULL AUTO_INCREMENT, AUTO_INCREMENT=4;

--
-- AUTO_INCREMENT for table `purchase_invoice_items`
--
ALTER TABLE `purchase_invoice_items`
  MODIFY `purchase_invoice_item_id` int(11) NOT NULL AUTO_INCREMENT, AUTO_INCREMENT=4;

--
-- AUTO_INCREMENT for table `purchase_invoice_payments`
--
ALTER TABLE `purchase_invoice_payments`
  MODIFY `purchase_invoice_payment_id` int(11) NOT NULL AUTO_INCREMENT, AUTO_INCREMENT=7;

--
-- AUTO_INCREMENT for table `purchase_invoice_returns`
--
ALTER TABLE `purchase_invoice_returns`
  MODIFY `purchase_invoice_return_id` int(11) NOT NULL AUTO_INCREMENT, AUTO_INCREMENT=21;

--
-- AUTO_INCREMENT for table `purchase_invoice_return_items`
--
ALTER TABLE `purchase_invoice_return_items`
  MODIFY `purchase_invoice_return_item_id` int(11) NOT NULL AUTO_INCREMENT, AUTO_INCREMENT=27;

--
-- AUTO_INCREMENT for table `purchase_orders`
--
ALTER TABLE `purchase_orders`
  MODIFY `purchase_order_id` int(11) NOT NULL AUTO_INCREMENT, AUTO_INCREMENT=6;

--
-- AUTO_INCREMENT for table `purchase_order_items`
--
ALTER TABLE `purchase_order_items`
  MODIFY `purchase_order_item_id` int(11) NOT NULL AUTO_INCREMENT, AUTO_INCREMENT=6;

--
-- AUTO_INCREMENT for table `region`
--
ALTER TABLE `region`
  MODIFY `region_id` int(11) NOT NULL AUTO_INCREMENT, AUTO_INCREMENT=5;

--
-- AUTO_INCREMENT for table `reports`
--
ALTER TABLE `reports`
  MODIFY `report_id` int(11) NOT NULL AUTO_INCREMENT, AUTO_INCREMENT=5;

--
-- AUTO_INCREMENT for table `report_roles`
--
ALTER TABLE `report_roles`
  MODIFY `report_role_id` int(11) NOT NULL AUTO_INCREMENT;

--
-- AUTO_INCREMENT for table `roles`
--
ALTER TABLE `roles`
  MODIFY `role_id` int(11) NOT NULL AUTO_INCREMENT, AUTO_INCREMENT=7;

--
-- AUTO_INCREMENT for table `role_navigations`
--
ALTER TABLE `role_navigations`
  MODIFY `role_navigation_id` int(11) NOT NULL AUTO_INCREMENT, AUTO_INCREMENT=208;

--
-- AUTO_INCREMENT for table `salary_components`
--
ALTER TABLE `salary_components`
  MODIFY `salary_component_id` int(11) NOT NULL AUTO_INCREMENT;

--
-- AUTO_INCREMENT for table `salary_structures`
--
ALTER TABLE `salary_structures`
  MODIFY `salary_structure_id` int(11) NOT NULL AUTO_INCREMENT, AUTO_INCREMENT=2;

--
-- AUTO_INCREMENT for table `sales_invoices`
--
ALTER TABLE `sales_invoices`
  MODIFY `sales_invoice_id` int(11) NOT NULL AUTO_INCREMENT, AUTO_INCREMENT=7;

--
-- AUTO_INCREMENT for table `sales_invoice_items`
--
ALTER TABLE `sales_invoice_items`
  MODIFY `sales_invoice_item_id` int(11) NOT NULL AUTO_INCREMENT, AUTO_INCREMENT=7;

--
-- AUTO_INCREMENT for table `sales_invoice_payments`
--
ALTER TABLE `sales_invoice_payments`
  MODIFY `sales_invoice_payment_id` int(11) NOT NULL AUTO_INCREMENT, AUTO_INCREMENT=22;

--
-- AUTO_INCREMENT for table `sales_invoice_returns`
--
ALTER TABLE `sales_invoice_returns`
  MODIFY `sales_invoice_return_id` int(11) NOT NULL AUTO_INCREMENT, AUTO_INCREMENT=7;

--
-- AUTO_INCREMENT for table `sales_invoice_return_items`
--
ALTER TABLE `sales_invoice_return_items`
  MODIFY `sales_invoice_return_item_id` int(11) NOT NULL AUTO_INCREMENT, AUTO_INCREMENT=7;

--
-- AUTO_INCREMENT for table `sales_orders`
--
ALTER TABLE `sales_orders`
  MODIFY `sales_order_id` int(11) NOT NULL AUTO_INCREMENT, AUTO_INCREMENT=20;

--
-- AUTO_INCREMENT for table `sales_order_items`
--
ALTER TABLE `sales_order_items`
  MODIFY `sales_order_item_id` int(11) NOT NULL AUTO_INCREMENT, AUTO_INCREMENT=23;

--
-- AUTO_INCREMENT for table `settings`
--
ALTER TABLE `settings`
  MODIFY `setting_id` int(11) NOT NULL AUTO_INCREMENT, AUTO_INCREMENT=73;

--
-- AUTO_INCREMENT for table `shift`
--
ALTER TABLE `shift`
  MODIFY `shift_id` int(11) NOT NULL AUTO_INCREMENT, AUTO_INCREMENT=6;

--
-- AUTO_INCREMENT for table `stock_adjustments`
--
ALTER TABLE `stock_adjustments`
  MODIFY `stock_adjustment_id` int(11) NOT NULL AUTO_INCREMENT, AUTO_INCREMENT=5;

--
-- AUTO_INCREMENT for table `stock_adjustment_items`
--
ALTER TABLE `stock_adjustment_items`
  MODIFY `stock_adjustment_item_id` int(11) NOT NULL AUTO_INCREMENT, AUTO_INCREMENT=12;

--
-- AUTO_INCREMENT for table `stock_counts`
--
ALTER TABLE `stock_counts`
  MODIFY `stock_count_id` int(11) NOT NULL AUTO_INCREMENT, AUTO_INCREMENT=10;

--
-- AUTO_INCREMENT for table `stock_count_items`
--
ALTER TABLE `stock_count_items`
  MODIFY `stock_count_item_id` int(11) NOT NULL AUTO_INCREMENT, AUTO_INCREMENT=14;

--
-- AUTO_INCREMENT for table `stock_transfers`
--
ALTER TABLE `stock_transfers`
  MODIFY `stock_transfer_id` int(11) NOT NULL AUTO_INCREMENT, AUTO_INCREMENT=14;

--
-- AUTO_INCREMENT for table `stock_transfer_items`
--
ALTER TABLE `stock_transfer_items`
  MODIFY `stock_transfer_item_id` int(11) NOT NULL AUTO_INCREMENT, AUTO_INCREMENT=6;

--
-- AUTO_INCREMENT for table `suppliers`
--
ALTER TABLE `suppliers`
  MODIFY `supplier_id` int(11) NOT NULL AUTO_INCREMENT, AUTO_INCREMENT=4;

--
-- AUTO_INCREMENT for table `tables`
--
ALTER TABLE `tables`
  MODIFY `table_id` int(11) NOT NULL AUTO_INCREMENT;

--
-- AUTO_INCREMENT for table `tax_rates`
--
ALTER TABLE `tax_rates`
  MODIFY `tax_rate_id` int(11) NOT NULL AUTO_INCREMENT, AUTO_INCREMENT=5;

--
-- AUTO_INCREMENT for table `unit_of_measurements`
--
ALTER TABLE `unit_of_measurements`
  MODIFY `uom_id` int(11) NOT NULL AUTO_INCREMENT, AUTO_INCREMENT=29;

--
-- AUTO_INCREMENT for table `users`
--
ALTER TABLE `users`
  MODIFY `user_id` int(11) NOT NULL AUTO_INCREMENT, AUTO_INCREMENT=22;

--
-- AUTO_INCREMENT for table `users_campaign`
--
ALTER TABLE `users_campaign`
  MODIFY `users_campaign_id` int(11) NOT NULL AUTO_INCREMENT, AUTO_INCREMENT=83;

--
-- AUTO_INCREMENT for table `users_products`
--
ALTER TABLE `users_products`
  MODIFY `users_products_id` int(11) NOT NULL AUTO_INCREMENT, AUTO_INCREMENT=69;

--
-- AUTO_INCREMENT for table `users_shift`
--
ALTER TABLE `users_shift`
  MODIFY `users_shift_id` int(11) NOT NULL AUTO_INCREMENT, AUTO_INCREMENT=83;

--
-- AUTO_INCREMENT for table `user_allowances`
--
ALTER TABLE `user_allowances`
  MODIFY `user_allowance_id` int(11) NOT NULL AUTO_INCREMENT, AUTO_INCREMENT=4;

--
-- AUTO_INCREMENT for table `user_deductions`
--
ALTER TABLE `user_deductions`
  MODIFY `user_deduction_id` int(11) NOT NULL AUTO_INCREMENT, AUTO_INCREMENT=4;

--
-- AUTO_INCREMENT for table `user_emergency_contacts`
--
ALTER TABLE `user_emergency_contacts`
  MODIFY `user_emergency_contact_id` int(11) NOT NULL AUTO_INCREMENT;

--
-- AUTO_INCREMENT for table `user_leaves`
--
ALTER TABLE `user_leaves`
  MODIFY `user_leave_id` int(11) NOT NULL AUTO_INCREMENT;

--
-- AUTO_INCREMENT for table `user_roles`
--
ALTER TABLE `user_roles`
  MODIFY `user_role_id` int(11) NOT NULL AUTO_INCREMENT, AUTO_INCREMENT=39;

--
-- AUTO_INCREMENT for table `warehouses`
--
ALTER TABLE `warehouses`
  MODIFY `warehouse_id` int(11) NOT NULL AUTO_INCREMENT, AUTO_INCREMENT=23;

--
-- Constraints for dumped tables
--

--
-- Constraints for table `attendances`
--
ALTER TABLE `attendances`
  ADD CONSTRAINT `attendance_users_user_id_fk` FOREIGN KEY (`user_id`) REFERENCES `users` (`user_id`);

--
-- Constraints for table `bookings`
--
ALTER TABLE `bookings`
  ADD CONSTRAINT `FK_bookings_cancel_users_user_id` FOREIGN KEY (`booking_cancelled_by`) REFERENCES `users` (`user_id`) ON DELETE NO ACTION ON UPDATE NO ACTION,
  ADD CONSTRAINT `FK_bookings_tables_table_id` FOREIGN KEY (`table_id`) REFERENCES `tables` (`table_id`) ON DELETE NO ACTION ON UPDATE NO ACTION,
  ADD CONSTRAINT `FK_bookings_users_user_id` FOREIGN KEY (`booking_by`) REFERENCES `users` (`user_id`) ON DELETE NO ACTION ON UPDATE NO ACTION;

--
-- Constraints for table `categories`
--
ALTER TABLE `categories`
  ADD CONSTRAINT `categories_categories_category_id_fk` FOREIGN KEY (`parent_category_id`) REFERENCES `categories` (`category_id`);

--
-- Constraints for table `customer_addresses`
--
ALTER TABLE `customer_addresses`
  ADD CONSTRAINT `customer_addresses_customers_customer_id_fk` FOREIGN KEY (`customer_address_id`) REFERENCES `customers` (`customer_id`) ON DELETE NO ACTION ON UPDATE NO ACTION;

--
-- Constraints for table `daily_registers`
--
ALTER TABLE `daily_registers`
  ADD CONSTRAINT `FK_daily_register_users_user_id` FOREIGN KEY (`register_open_by`) REFERENCES `users` (`user_id`);

--
-- Constraints for table `documents`
--
ALTER TABLE `documents`
  ADD CONSTRAINT `documents_document_types_document_type_id_fk` FOREIGN KEY (`document_type_id`) REFERENCES `document_types` (`document_type_id`),
  ADD CONSTRAINT `documents_users_user_id_fk` FOREIGN KEY (`uploaded_by_user_id`) REFERENCES `users` (`user_id`);

--
-- Constraints for table `document_fields`
--
ALTER TABLE `document_fields`
  ADD CONSTRAINT `FK_document_fields_documents_document_id` FOREIGN KEY (`document_id`) REFERENCES `documents` (`document_id`) ON DELETE NO ACTION ON UPDATE NO ACTION,
  ADD CONSTRAINT `document_fields_document_type_fields_document_type_field_id_fk` FOREIGN KEY (`document_type_field_id`) REFERENCES `document_type_fields` (`document_type_field_id`);

--
-- Constraints for table `document_type_fields`
--
ALTER TABLE `document_type_fields`
  ADD CONSTRAINT `document_type_fields_document_types_document_type_id_fk` FOREIGN KEY (`document_type_id`) REFERENCES `document_types` (`document_type_id`);

--
-- Constraints for table `hold_orders`
--
ALTER TABLE `hold_orders`
  ADD CONSTRAINT `hold_orders_customers_customer_id_fk` FOREIGN KEY (`customer_id`) REFERENCES `customers` (`customer_id`) ON DELETE NO ACTION ON UPDATE NO ACTION;
COMMIT;

/*!40101 SET CHARACTER_SET_CLIENT=@OLD_CHARACTER_SET_CLIENT */;
/*!40101 SET CHARACTER_SET_RESULTS=@OLD_CHARACTER_SET_RESULTS */;
/*!40101 SET COLLATION_CONNECTION=@OLD_COLLATION_CONNECTION */;
